title,link,watched
"Урок 228-а (осн, запись 2014 года). ЛР по теме ""Строение ядра""",https://www.youtube.com/watch?v=-7-WZ58IVZk&list=PL1Us50cZo25m2FDcpykgjCCZQ3SFAsG3y&index=1,Yes
Урок 1. Физические величины и их измерение,https://www.youtube.com/watch?v=XqCNajiaW3U&list=PL1Us50cZo25m2FDcpykgjCCZQ3SFAsG3y&index=2,Yes
Урок 2. Точность физических величин,https://www.youtube.com/watch?v=AlKy1Oc0x-U&list=PL1Us50cZo25m2FDcpykgjCCZQ3SFAsG3y&index=3,Yes
Урок 3. Погрешность прямых измерений,https://www.youtube.com/watch?v=PmAOjwABf-M&list=PL1Us50cZo25m2FDcpykgjCCZQ3SFAsG3y&index=4,Yes
Урок 4. Погрешность косвенных измерений,https://www.youtube.com/watch?v=n8IgntrRc2s&list=PL1Us50cZo25m2FDcpykgjCCZQ3SFAsG3y&index=5,Yes
Урок 5. Вычисление случайной погрешности,https://www.youtube.com/watch?v=mrBLA93wZb4&list=PL1Us50cZo25m2FDcpykgjCCZQ3SFAsG3y&index=6,Yes
Урок 6. Задачи на вычисление погрешностей,https://www.youtube.com/watch?v=ImtkDBPOYAU&list=PL1Us50cZo25m2FDcpykgjCCZQ3SFAsG3y&index=7,Yes
Урок 7. Механическое движение. Основные определения кинематики.,https://www.youtube.com/watch?v=eZy2wp5XINY&list=PL1Us50cZo25m2FDcpykgjCCZQ3SFAsG3y&index=8,Yes
Урок 8. Векторные величины. Действия над векторами.,https://www.youtube.com/watch?v=4vqRWYugy2s&list=PL1Us50cZo25m2FDcpykgjCCZQ3SFAsG3y&index=9,Yes
Урок 9. Проекции вектора на координатные оси,https://www.youtube.com/watch?v=I_u9Ut-g-q4&list=PL1Us50cZo25m2FDcpykgjCCZQ3SFAsG3y&index=10,Yes
Урок 10. Действия над проекциями вектора,https://www.youtube.com/watch?v=gaF_rgLOt8w&list=PL1Us50cZo25m2FDcpykgjCCZQ3SFAsG3y&index=11,Yes
Урок 11. Решение задач на действия с векторами,https://www.youtube.com/watch?v=-PCNwv_NXag&list=PL1Us50cZo25m2FDcpykgjCCZQ3SFAsG3y&index=12,Yes
Урок 12. Равномерное прямолинейное движение,https://www.youtube.com/watch?v=uX2vilBO4tE&list=PL1Us50cZo25m2FDcpykgjCCZQ3SFAsG3y&index=13,Yes
Урок 13. Решение задач на РПД,https://www.youtube.com/watch?v=kGAB_zwpcpc&list=PL1Us50cZo25m2FDcpykgjCCZQ3SFAsG3y&index=14,Yes
Урок 14. Графическое описание РПД,https://www.youtube.com/watch?v=0Fv0B4hX3vw&list=PL1Us50cZo25m2FDcpykgjCCZQ3SFAsG3y&index=15,Yes
Урок 15. Решение задач на графики движения,https://www.youtube.com/watch?v=2KF6mkOQod0&list=PL1Us50cZo25m2FDcpykgjCCZQ3SFAsG3y&index=16,Yes
Урок 16. Решение задач на графики РПД (продолжение),https://www.youtube.com/watch?v=yZbWFMURfB8&list=PL1Us50cZo25m2FDcpykgjCCZQ3SFAsG3y&index=17,Yes
Урок 17. Средняя скорость. Средняя путевая скорость.,https://www.youtube.com/watch?v=02bCjoveWTI&list=PL1Us50cZo25m2FDcpykgjCCZQ3SFAsG3y&index=18,Yes
Урок 18. Решение задач на среднюю скорость,https://www.youtube.com/watch?v=j8s5v2nwcAc&list=PL1Us50cZo25m2FDcpykgjCCZQ3SFAsG3y&index=19,Yes
Урок 19. Относительность движения. Формула сложения скоростей.,https://www.youtube.com/watch?v=gdUh6TNPTzk&list=PL1Us50cZo25m2FDcpykgjCCZQ3SFAsG3y&index=20,Yes
Урок 20. Простейшие задачи на относительность движения,https://www.youtube.com/watch?v=0uA9wPaCNeU&list=PL1Us50cZo25m2FDcpykgjCCZQ3SFAsG3y&index=21,Yes
Урок 21. Решение задач на относительность движения (одномерный случай),https://www.youtube.com/watch?v=RTJ8mECkabw&list=PL1Us50cZo25m2FDcpykgjCCZQ3SFAsG3y&index=22,Yes
Урок 22. Решение задач на относительность движения (двумерный случай),https://www.youtube.com/watch?v=P-e_tycQIpo&list=PL1Us50cZo25m2FDcpykgjCCZQ3SFAsG3y&index=23,Yes
Урок 23. Решение задач на относительность движения (высокий уровень),https://www.youtube.com/watch?v=oTcwY7yuBKo&list=PL1Us50cZo25m2FDcpykgjCCZQ3SFAsG3y&index=24,Yes
Урок 24. Мгновенная скорость. Равноускоренное движение. Ускорение,https://www.youtube.com/watch?v=6VXvLh3AnUs&list=PL1Us50cZo25m2FDcpykgjCCZQ3SFAsG3y&index=25,Yes
Урок 25. График скорости РУД. Перемещение при РУД.,https://www.youtube.com/watch?v=9u2MuzHii7Y&list=PL1Us50cZo25m2FDcpykgjCCZQ3SFAsG3y&index=26,Yes
Урок 26. Решение простейших задач на РУД,https://www.youtube.com/watch?v=KzKbFtjEuSc&list=PL1Us50cZo25m2FDcpykgjCCZQ3SFAsG3y&index=27,Yes
Урок 27. Средняя скорость при РУД,https://www.youtube.com/watch?v=rp-igVufp-U&list=PL1Us50cZo25m2FDcpykgjCCZQ3SFAsG3y&index=28,Yes
Урок 28. Решение задач на РУД (продолжение),https://www.youtube.com/watch?v=8jF4tQXTkVk&list=PL1Us50cZo25m2FDcpykgjCCZQ3SFAsG3y&index=29,Yes
Урок 29. Связь перемещения при РУД с начальной и конечной скоростью,https://www.youtube.com/watch?v=a-0P_qya90Y&list=PL1Us50cZo25m2FDcpykgjCCZQ3SFAsG3y&index=30,Yes
Урок 30. Графическое представление РУД,https://www.youtube.com/watch?v=WUi1qzoTQgM&list=PL1Us50cZo25m2FDcpykgjCCZQ3SFAsG3y&index=31,Yes
Урок 31. Решение задач на графики РУД,https://www.youtube.com/watch?v=wNyut084dFs&list=PL1Us50cZo25m2FDcpykgjCCZQ3SFAsG3y&index=32,Yes
Урок 32. Решение задач на графики РУД (продолжение),https://www.youtube.com/watch?v=SzUDmyQVAhM&list=PL1Us50cZo25m2FDcpykgjCCZQ3SFAsG3y&index=33,Yes
30.10 Ришельевские чтения (часть 1),https://www.youtube.com/watch?v=c0v-4xh-oiQ&list=PL1Us50cZo25m2FDcpykgjCCZQ3SFAsG3y&index=34,Yes
30.10 Ришельевские чтения (часть 2),https://www.youtube.com/watch?v=_8wi6h4KpxQ&list=PL1Us50cZo25m2FDcpykgjCCZQ3SFAsG3y&index=35,Yes
Урок 33. Решение усложненных задач на РУД,https://www.youtube.com/watch?v=zFwbpn_gp-A&list=PL1Us50cZo25m2FDcpykgjCCZQ3SFAsG3y&index=36,Yes
Урок 34. Свободное падение. Ускорение свободного падения,https://www.youtube.com/watch?v=Io2Nq6f3HuQ&list=PL1Us50cZo25m2FDcpykgjCCZQ3SFAsG3y&index=37,Yes
Урок 35. Решение задач на свободное падение,https://www.youtube.com/watch?v=d6eqXfoAD78&list=PL1Us50cZo25m2FDcpykgjCCZQ3SFAsG3y&index=38,Yes
Урок 36. Измерение ускорения стробоскопическим методом,https://www.youtube.com/watch?v=kOBTqHhJCl4&list=PL1Us50cZo25m2FDcpykgjCCZQ3SFAsG3y&index=39,Yes
"Урок 37. Движение тела, брошенного под углом к горизонту (начало)",https://www.youtube.com/watch?v=rscPxlPHTPU&list=PL1Us50cZo25m2FDcpykgjCCZQ3SFAsG3y&index=40,Yes
"Урок 38. Движение тела,брошенного под углом к горизонту (окончание)",https://www.youtube.com/watch?v=A-D2C7eBtto&list=PL1Us50cZo25m2FDcpykgjCCZQ3SFAsG3y&index=41,Yes
"Урок 39. Простейшие задачи о движении тела, брошенного под углом к горизонту",https://www.youtube.com/watch?v=BNS3SaZwJ7E&list=PL1Us50cZo25m2FDcpykgjCCZQ3SFAsG3y&index=42,Yes
"Урок 40. Задачи на движение тела, брошенного под углом к горизонту (ч.1)",https://www.youtube.com/watch?v=KDjPlBerBTU&list=PL1Us50cZo25m2FDcpykgjCCZQ3SFAsG3y&index=43,Yes
"Урок 41. Задачи на движение тела, брошенного под углом к горизонту (ч.2)",https://www.youtube.com/watch?v=6tzEobGRcAw&list=PL1Us50cZo25m2FDcpykgjCCZQ3SFAsG3y&index=44,Yes
Урок 42. Консультация перед КР по РУД,https://www.youtube.com/watch?v=SGt0dMqyg3E&list=PL1Us50cZo25m2FDcpykgjCCZQ3SFAsG3y&index=45,Yes
Урок 43. Криволинейное движение. Равномерное движение по окружности. Центростремительное ускорение,https://www.youtube.com/watch?v=JKjXRD4ZmWg&list=PL1Us50cZo25m2FDcpykgjCCZQ3SFAsG3y&index=46,Yes
Урок 44. Вращение твердого тела. Линейная и угловая скорость. Период и частота вращения.,https://www.youtube.com/watch?v=2m1Wwj5DEHc&list=PL1Us50cZo25m2FDcpykgjCCZQ3SFAsG3y&index=47,Yes
Урок 45. Простейшие задачи на криволинейное и вращательное движение,https://www.youtube.com/watch?v=_fpwKSMGuRk&list=PL1Us50cZo25m2FDcpykgjCCZQ3SFAsG3y&index=48,Yes
Урок 46. Задачи на криволинейное и вращательное движение,https://www.youtube.com/watch?v=TvN7Q_b3e1g&list=PL1Us50cZo25m2FDcpykgjCCZQ3SFAsG3y&index=49,Yes
Урок 47. Неравномерное движение по окружности. Тангенциальное ускорение,https://www.youtube.com/watch?v=-D_Ihv1hTR8&list=PL1Us50cZo25m2FDcpykgjCCZQ3SFAsG3y&index=50,Yes
Урок 48. Задачи на неравномерное криволинейное движение,https://www.youtube.com/watch?v=CsM8hKs1P9A&list=PL1Us50cZo25m2FDcpykgjCCZQ3SFAsG3y&index=51,Yes
Урок 49. Вращение с постоянным угловым ускорением,https://www.youtube.com/watch?v=djV47m_QA0Q&list=PL1Us50cZo25m2FDcpykgjCCZQ3SFAsG3y&index=52,Yes
Урок 50. Задачи на вращение с пост. угловым ускорением,https://www.youtube.com/watch?v=dBgRUGZChLM&list=PL1Us50cZo25m2FDcpykgjCCZQ3SFAsG3y&index=53,Yes
Урок 51. Первый закон Ньютона. Взаимодействие тел и их ускорение.,https://www.youtube.com/watch?v=gLxCiIRWtuE&list=PL1Us50cZo25m2FDcpykgjCCZQ3SFAsG3y&index=54,Yes
Урок 52. Масса и ее измерение. Сила. Второй закон Ньютона. Равнодействующая.,https://www.youtube.com/watch?v=XAsji3sgMg4&list=PL1Us50cZo25m2FDcpykgjCCZQ3SFAsG3y&index=55,Yes
Урок 53. Простейшие задачи на законы Ньютона,https://www.youtube.com/watch?v=HdMbxgjnEcc&list=PL1Us50cZo25m2FDcpykgjCCZQ3SFAsG3y&index=56,Yes
Урок 54. Третий закон Ньютона. Принцип относительности Галилея,https://www.youtube.com/watch?v=OijNRhnYokY&list=PL1Us50cZo25m2FDcpykgjCCZQ3SFAsG3y&index=57,Yes
Урок 55. Задачи на законы Ньютона,https://www.youtube.com/watch?v=K4T1sjFFgUM&list=PL1Us50cZo25m2FDcpykgjCCZQ3SFAsG3y&index=58,Yes
Урок 56. Алгоритм решения задач динамики,https://www.youtube.com/watch?v=BrRGq6omXss&list=PL1Us50cZo25m2FDcpykgjCCZQ3SFAsG3y&index=59,Yes
Урок 57. Решение задач динамики,https://www.youtube.com/watch?v=bFOu8-UGJGw&list=PL1Us50cZo25m2FDcpykgjCCZQ3SFAsG3y&index=60,Yes
Урок 58. Сила упругости. Закон Гука,https://www.youtube.com/watch?v=5JBDAAhFctI&list=PL1Us50cZo25m2FDcpykgjCCZQ3SFAsG3y&index=61,Yes
Урок 59. Задачи на закон Гука,https://www.youtube.com/watch?v=xKI6ybF7o_k&list=PL1Us50cZo25m2FDcpykgjCCZQ3SFAsG3y&index=62,Yes
Урок 60. Закон всемирного тяготения. Гравитационная постоянная,https://www.youtube.com/watch?v=TQUIIGeozbQ&list=PL1Us50cZo25m2FDcpykgjCCZQ3SFAsG3y&index=63,Yes
Урок 61. Задачи на закон всемирного тяготения,https://www.youtube.com/watch?v=urI0IZtpxkY&list=PL1Us50cZo25m2FDcpykgjCCZQ3SFAsG3y&index=64,Yes
Урок 62. Сила тяжести и вес тела. Невесомость.,https://www.youtube.com/watch?v=vWs4MIZTEwM&list=PL1Us50cZo25m2FDcpykgjCCZQ3SFAsG3y&index=65,Yes
Урок 63. Перегрузка. Вес тела на полюсе и на экваторе,https://www.youtube.com/watch?v=b3mA6iMGAQI&list=PL1Us50cZo25m2FDcpykgjCCZQ3SFAsG3y&index=66,Yes
Урок 64. Искусственные спутники Земли. Первая космическая скорость. Геостационарная орбита,https://www.youtube.com/watch?v=xQOns-yfmJI&list=PL1Us50cZo25m2FDcpykgjCCZQ3SFAsG3y&index=67,Yes
Урок 65. Движение планет. Законы Кеплера,https://www.youtube.com/watch?v=CcklMu9ZXJk&list=PL1Us50cZo25m2FDcpykgjCCZQ3SFAsG3y&index=68,Yes
Урок 66. Задачи на вычисление веса тела,https://www.youtube.com/watch?v=WCYKWVWMT-U&list=PL1Us50cZo25m2FDcpykgjCCZQ3SFAsG3y&index=69,Yes
Урок 67. Сила трения,https://www.youtube.com/watch?v=zi3omRrfurg&list=PL1Us50cZo25m2FDcpykgjCCZQ3SFAsG3y&index=70,Yes
Урок 68. Явления в неинерциальных системах отсчета,https://www.youtube.com/watch?v=_dTUdJfeixk&list=PL1Us50cZo25m2FDcpykgjCCZQ3SFAsG3y&index=71,Yes
Урок 69. Консультация перед зачетом,https://www.youtube.com/watch?v=FixGw1dJYEc&list=PL1Us50cZo25m2FDcpykgjCCZQ3SFAsG3y&index=72,Yes
Урок 70. Виды равновесия. Условие равновесия тела при отсутствии вращения.,https://www.youtube.com/watch?v=d348jsnU5i8&list=PL1Us50cZo25m2FDcpykgjCCZQ3SFAsG3y&index=73,Yes
Урок 71. Простейшие задачи на правило сил,https://www.youtube.com/watch?v=cJyjhKxAL00&list=PL1Us50cZo25m2FDcpykgjCCZQ3SFAsG3y&index=74,Yes
Урок 72. Задачи на правило сил,https://www.youtube.com/watch?v=3ApgcyBkVM4&list=PL1Us50cZo25m2FDcpykgjCCZQ3SFAsG3y&index=75,Yes
Урок 73. Усложненные задачи на правило сил,https://www.youtube.com/watch?v=kW09icZFsNQ&list=PL1Us50cZo25m2FDcpykgjCCZQ3SFAsG3y&index=76,Yes
Урок 74. Равновесие тела с закрепленной осью вращения,https://www.youtube.com/watch?v=purUB9N72ig&list=PL1Us50cZo25m2FDcpykgjCCZQ3SFAsG3y&index=77,Yes
Урок 75. Следствия из условий равновесия тела,https://www.youtube.com/watch?v=EYPJObSgRvw&list=PL1Us50cZo25m2FDcpykgjCCZQ3SFAsG3y&index=78,Yes
Урок 76. Задачи на правило моментов,https://www.youtube.com/watch?v=b4WPOPewBdk&list=PL1Us50cZo25m2FDcpykgjCCZQ3SFAsG3y&index=79,Yes
Урок 77. Решение задач статики (часть 1),https://www.youtube.com/watch?v=06XpQMr3wio&list=PL1Us50cZo25m2FDcpykgjCCZQ3SFAsG3y&index=80,Yes
Урок 78. Решение задач статики (часть 2),https://www.youtube.com/watch?v=Ghr3E8ngq-g&list=PL1Us50cZo25m2FDcpykgjCCZQ3SFAsG3y&index=81,Yes
Урок 79. Центр масс тела и методы определения его положения,https://www.youtube.com/watch?v=6OyCV7jodYA&list=PL1Us50cZo25m2FDcpykgjCCZQ3SFAsG3y&index=82,Yes
Урок 80. Определение положения центра масс тела,https://www.youtube.com/watch?v=vV_LbiTiZlM&list=PL1Us50cZo25m2FDcpykgjCCZQ3SFAsG3y&index=83,Yes
Урок 81. Устойчивость тел в присутствии силы тяжести,https://www.youtube.com/watch?v=BD_-qrhXH5k&list=PL1Us50cZo25m2FDcpykgjCCZQ3SFAsG3y&index=84,Yes
Урок 82. Равнодействующая параллельных сил. Пара сил,https://www.youtube.com/watch?v=Cm0H1xr7mlw&list=PL1Us50cZo25m2FDcpykgjCCZQ3SFAsG3y&index=85,Yes
Урок 83. Комбинированные задачи статики,https://www.youtube.com/watch?v=x4A7VBWSnpM&list=PL1Us50cZo25m2FDcpykgjCCZQ3SFAsG3y&index=86,Yes
Урок 84. Теорема о движении центра масс,https://www.youtube.com/watch?v=Hce7KnLjRtk&list=PL1Us50cZo25m2FDcpykgjCCZQ3SFAsG3y&index=87,Yes
Урок 85. Движение связанных тел (ч.1),https://www.youtube.com/watch?v=YkN_dFvKC7g&list=PL1Us50cZo25m2FDcpykgjCCZQ3SFAsG3y&index=88,Yes
Урок 86. Движение связанных тел (ч.2),https://www.youtube.com/watch?v=aV7DaVkgCwM&list=PL1Us50cZo25m2FDcpykgjCCZQ3SFAsG3y&index=89,Yes
Урок 87. Движение по наклонной плоскости (ч.1),https://www.youtube.com/watch?v=1fxLQ-YtkeA&list=PL1Us50cZo25m2FDcpykgjCCZQ3SFAsG3y&index=90,Yes
Урок 88. Движение по наклонной плоскости (ч.2),https://www.youtube.com/watch?v=y7MdWlL5ho4&list=PL1Us50cZo25m2FDcpykgjCCZQ3SFAsG3y&index=91,Yes
Урок 89. Движение по окружности (ч.1),https://www.youtube.com/watch?v=sXIRs9tlj0s&list=PL1Us50cZo25m2FDcpykgjCCZQ3SFAsG3y&index=92,Yes
Урок 90. Движение по окружности (ч.2),https://www.youtube.com/watch?v=az1K1oWOeC8&list=PL1Us50cZo25m2FDcpykgjCCZQ3SFAsG3y&index=93,Yes
Урок 91. Комбинированные задачи динамики (ч.1),https://www.youtube.com/watch?v=i44MdkFoyjM&list=PL1Us50cZo25m2FDcpykgjCCZQ3SFAsG3y&index=94,Yes
Урок 92. Комбинированные задачи динамики (ч.2),https://www.youtube.com/watch?v=QtksGWXOTkk&list=PL1Us50cZo25m2FDcpykgjCCZQ3SFAsG3y&index=95,Yes
Урок 93. Основное уравнение динамики вращательного движения,https://www.youtube.com/watch?v=HZzchORFgNE&list=PL1Us50cZo25m2FDcpykgjCCZQ3SFAsG3y&index=96,Yes
Урок 94. Вычисление моментов инерции тел,https://www.youtube.com/watch?v=RY4xL_1I6m0&list=PL1Us50cZo25m2FDcpykgjCCZQ3SFAsG3y&index=97,Yes
Урок 95. Теорема о взаимно перпендикулярных осях,https://www.youtube.com/watch?v=2sS2dLsYuzM&list=PL1Us50cZo25m2FDcpykgjCCZQ3SFAsG3y&index=98,Yes
Урок 96. Простейшие задачи на вращение твердого тела,https://www.youtube.com/watch?v=OS1vP2ybw4I&list=PL1Us50cZo25m2FDcpykgjCCZQ3SFAsG3y&index=99,Yes
Урок 97. Теорема Штейнера,https://www.youtube.com/watch?v=dck0WkE16pg&list=PL1Us50cZo25m2FDcpykgjCCZQ3SFAsG3y&index=100,Yes
Урок 98. Задачи на вычисление моментов инерции (ч.1),https://www.youtube.com/watch?v=xRlvq1PAu2w&list=PL1Us50cZo25m2FDcpykgjCCZQ3SFAsG3y&index=101,Yes
Урок 99. Задачи на вычисление моментов инерции (ч.2),https://www.youtube.com/watch?v=dYQsdPWnEXo&list=PL1Us50cZo25m2FDcpykgjCCZQ3SFAsG3y&index=102,Yes
Урок 100. Задачи на вращение твердого тела (ч.1),https://www.youtube.com/watch?v=NwZc_X7-lng&list=PL1Us50cZo25m2FDcpykgjCCZQ3SFAsG3y&index=103,Yes
Урок 101. Скатывание тела с наклонной плоскости,https://www.youtube.com/watch?v=tFypPlkUMdU&list=PL1Us50cZo25m2FDcpykgjCCZQ3SFAsG3y&index=104,Yes
Урок 102. Метод мгновенных осей,https://www.youtube.com/watch?v=j4vhh5L90WU&list=PL1Us50cZo25m2FDcpykgjCCZQ3SFAsG3y&index=105,Yes
Урок 103. Задачи на вращение твердого тела (ч.2),https://www.youtube.com/watch?v=MIz8dsjAlCQ&list=PL1Us50cZo25m2FDcpykgjCCZQ3SFAsG3y&index=106,Yes
Урок 104. Импульс. Закон сохранения импульса,https://www.youtube.com/watch?v=Ev68eLx6RWA&list=PL1Us50cZo25m2FDcpykgjCCZQ3SFAsG3y&index=107,Yes
Урок 105. Границы применимости ЗСИ,https://www.youtube.com/watch?v=-XPUqhgOVJU&list=PL1Us50cZo25m2FDcpykgjCCZQ3SFAsG3y&index=108,Yes
Урок 106. Реактивное движение,https://www.youtube.com/watch?v=MM_72FXE7oA&list=PL1Us50cZo25m2FDcpykgjCCZQ3SFAsG3y&index=109,Yes
Урок 107. Задачи на закон сохранения импульса (ч.1),https://www.youtube.com/watch?v=nB2XpQ2o_C4&list=PL1Us50cZo25m2FDcpykgjCCZQ3SFAsG3y&index=110,Yes
Урок 108. Задачи на закон сохранения импульса (ч.2),https://www.youtube.com/watch?v=PE1_PilfBnc&list=PL1Us50cZo25m2FDcpykgjCCZQ3SFAsG3y&index=111,Yes
Урок 109. Момент импульса. Закон сохранения момента импульса,https://www.youtube.com/watch?v=2Akxzq_fe1E&list=PL1Us50cZo25m2FDcpykgjCCZQ3SFAsG3y&index=112,Yes
Урок 110. Следствия из закона сохранения момента импульса,https://www.youtube.com/watch?v=jVstXUpyOrU&list=PL1Us50cZo25m2FDcpykgjCCZQ3SFAsG3y&index=113,Yes
Урок 111. Задачи на закон сохранения момента импульса (ч.1),https://www.youtube.com/watch?v=_zr16Phd9Sk&list=PL1Us50cZo25m2FDcpykgjCCZQ3SFAsG3y&index=114,Yes
Урок 112. Задачи на закон сохранения момента импульса (ч.2),https://www.youtube.com/watch?v=5z4cf-ZTG_I&list=PL1Us50cZo25m2FDcpykgjCCZQ3SFAsG3y&index=115,Yes
Урок 113. Векторное описание вращательного движения. Гироскопический эффект.,https://www.youtube.com/watch?v=dJEAFOwOXSk&list=PL1Us50cZo25m2FDcpykgjCCZQ3SFAsG3y&index=116,Yes
Урок 114. Работа. Теорема о кинетической энергии,https://www.youtube.com/watch?v=rPVKb_leXus&list=PL1Us50cZo25m2FDcpykgjCCZQ3SFAsG3y&index=117,Yes
Урок 115. Работа переменной силы. Решение задач,https://www.youtube.com/watch?v=kRH0v9_wT-M&list=PL1Us50cZo25m2FDcpykgjCCZQ3SFAsG3y&index=118,Yes
"Урок 116. Работа силы тяжести. Потенциальная энергия тела, поднятого над Землей",https://www.youtube.com/watch?v=aggu45cT8vI&list=PL1Us50cZo25m2FDcpykgjCCZQ3SFAsG3y&index=119,Yes
Урок 117. Задачи на вычисление работы,https://www.youtube.com/watch?v=nTDiyo8fxQQ&list=PL1Us50cZo25m2FDcpykgjCCZQ3SFAsG3y&index=120,Yes
Урок 118. Потенциальная энергия гравитационного взаимодействия. Вторая космическая скорость,https://www.youtube.com/watch?v=0C9Ksk7bX9s&list=PL1Us50cZo25m2FDcpykgjCCZQ3SFAsG3y&index=121,Yes
"Урок 119. Подготовка к СР ""Работа. Теорема о кинетической энергии""",https://www.youtube.com/watch?v=L-YoH8-smK4&list=PL1Us50cZo25m2FDcpykgjCCZQ3SFAsG3y&index=122,Yes
Урок 120. Работа силы упругости.,https://www.youtube.com/watch?v=j1z_LnFKRvg&list=PL1Us50cZo25m2FDcpykgjCCZQ3SFAsG3y&index=123,Yes
Урок 121. Задачи на работу силы упругости,https://www.youtube.com/watch?v=tcQTw53s5DE&list=PL1Us50cZo25m2FDcpykgjCCZQ3SFAsG3y&index=124,Yes
Урок 122. Закон сохранения полной механической энергии,https://www.youtube.com/watch?v=dPS3_jE3u2k&list=PL1Us50cZo25m2FDcpykgjCCZQ3SFAsG3y&index=125,Yes
Урок 123. Закон сохранения и превращения энергии. КПД. Мощность,https://www.youtube.com/watch?v=pkbCHu7zoJk&list=PL1Us50cZo25m2FDcpykgjCCZQ3SFAsG3y&index=126,Yes
"Урок 124. Связь мощности, силы и скорости",https://www.youtube.com/watch?v=7QFnF4GWTH4&list=PL1Us50cZo25m2FDcpykgjCCZQ3SFAsG3y&index=127,Yes
"Урок 125. Работа, мощность и кинетическая энергия при вращательном движении",https://www.youtube.com/watch?v=RULuvEZehEk&list=PL1Us50cZo25m2FDcpykgjCCZQ3SFAsG3y&index=128,Yes
Урок 126. Задачи на закон сохранения энергии (ч.1),https://www.youtube.com/watch?v=IfFSAuGnhKs&list=PL1Us50cZo25m2FDcpykgjCCZQ3SFAsG3y&index=129,Yes
Урок 127. Задачи на закон сохранения энергии (ч.2),https://www.youtube.com/watch?v=f3CAdlAH7Ag&list=PL1Us50cZo25m2FDcpykgjCCZQ3SFAsG3y&index=130,Yes
Урок 128. Соударения тел,https://www.youtube.com/watch?v=h86255t-N3U&list=PL1Us50cZo25m2FDcpykgjCCZQ3SFAsG3y&index=131,Yes
Урок 129. Частные случаи абсолютно упругого центрального соударения,https://www.youtube.com/watch?v=jkWksLhmW1g&list=PL1Us50cZo25m2FDcpykgjCCZQ3SFAsG3y&index=132,Yes
"Урок 130. Задачи на работу, мощность, КПД (ч.1)",https://www.youtube.com/watch?v=yoN7Gv76peM&list=PL1Us50cZo25m2FDcpykgjCCZQ3SFAsG3y&index=133,Yes
"Урок 131. Задачи на работу, мощность, КПД (ч.2)",https://www.youtube.com/watch?v=ocVF0QrTRzo&list=PL1Us50cZo25m2FDcpykgjCCZQ3SFAsG3y&index=134,Yes
Урок 132. Основные понятия гидродинамики. Уравнение непрерывности,https://www.youtube.com/watch?v=Aw6XuL_xywY&list=PL1Us50cZo25m2FDcpykgjCCZQ3SFAsG3y&index=135,No
Урок 133. Закон Бернулли. Уравнение Бернулли,https://www.youtube.com/watch?v=nz23fuDr2lE&list=PL1Us50cZo25m2FDcpykgjCCZQ3SFAsG3y&index=136,No
Урок 134. Применения уравнения Бернулли (ч.1),https://www.youtube.com/watch?v=qiwK96vv62s&list=PL1Us50cZo25m2FDcpykgjCCZQ3SFAsG3y&index=137,No
Урок 135. Применения ур-ния Бернулли (ч.2). Подъемная сила крыла самолета (ч.1),https://www.youtube.com/watch?v=35sCV8VOE8c&list=PL1Us50cZo25m2FDcpykgjCCZQ3SFAsG3y&index=138,No
Урок 136. Подъемная сила крыла самолета (часть 2),https://www.youtube.com/watch?v=POXjCXLH458&list=PL1Us50cZo25m2FDcpykgjCCZQ3SFAsG3y&index=139,No
Урок 137. Движение тела в жидкости и газе.,https://www.youtube.com/watch?v=YDA5XerGFw0&list=PL1Us50cZo25m2FDcpykgjCCZQ3SFAsG3y&index=140,No
Урок 138. Число Рейнольдса. Критерий Рейнольдса.,https://www.youtube.com/watch?v=olAUvajJ3-s&list=PL1Us50cZo25m2FDcpykgjCCZQ3SFAsG3y&index=141,No
Урок 139. Основные положения МКТ.,https://www.youtube.com/watch?v=pn_RnNGKsKU&list=PL1Us50cZo25m2FDcpykgjCCZQ3SFAsG3y&index=142,No
Урок 140. Опыт Перрена. Масса молекул. Взаимодействие молекул,https://www.youtube.com/watch?v=Mf70v5NlMMo&list=PL1Us50cZo25m2FDcpykgjCCZQ3SFAsG3y&index=143,No
Урок 141. Количество вещества. Молярная масса. Оценка размеров молекул,https://www.youtube.com/watch?v=xFtZhMjp8JY&list=PL1Us50cZo25m2FDcpykgjCCZQ3SFAsG3y&index=144,No
Урок 142. Простейшие задачи на вычисление числа и массы молекул,https://www.youtube.com/watch?v=lZXHa4QpDnk&list=PL1Us50cZo25m2FDcpykgjCCZQ3SFAsG3y&index=145,No
Урок 143. Задачи на вычисление числа и массы молекул,https://www.youtube.com/watch?v=yHB1aNptsL8&list=PL1Us50cZo25m2FDcpykgjCCZQ3SFAsG3y&index=146,No
Урок 144. Решение экспериментальных задач,https://www.youtube.com/watch?v=Xn1V5PpWN2M&list=PL1Us50cZo25m2FDcpykgjCCZQ3SFAsG3y&index=147,No
Урок 145. Идеальный газ. Основное ур-ние МКТ ид. газа - 1,https://www.youtube.com/watch?v=c_CnPH8vVBE&list=PL1Us50cZo25m2FDcpykgjCCZQ3SFAsG3y&index=148,No
Урок 146. Основное уравнение МКТ идеального газа - 2,https://www.youtube.com/watch?v=ZBJrZGI5RDw&list=PL1Us50cZo25m2FDcpykgjCCZQ3SFAsG3y&index=149,No
Урок 147. Задачи на основное уравнение МКТ идеального газа,https://www.youtube.com/watch?v=S-gPuzj-tyw&list=PL1Us50cZo25m2FDcpykgjCCZQ3SFAsG3y&index=150,No
Урок 148. Тепловое равновесие. Температура.,https://www.youtube.com/watch?v=mD1YBgdkoN8&list=PL1Us50cZo25m2FDcpykgjCCZQ3SFAsG3y&index=151,No
Урок 149. Абсолютная температурная шкала,https://www.youtube.com/watch?v=5Q-K7vJBN4I&list=PL1Us50cZo25m2FDcpykgjCCZQ3SFAsG3y&index=152,No
Урок 150. Задачи по молекулярно-кинетической теории,https://www.youtube.com/watch?v=DJ-KoNlZap4&list=PL1Us50cZo25m2FDcpykgjCCZQ3SFAsG3y&index=153,No
Урок 151. Средняя кинетическая энергия молекул многоатомного газа,https://www.youtube.com/watch?v=bxkc47-Up3U&list=PL1Us50cZo25m2FDcpykgjCCZQ3SFAsG3y&index=154,No
Урок 152. Среднеквадратичная скорость молекул. Опыт Штерна,https://www.youtube.com/watch?v=tYFXMbFyano&list=PL1Us50cZo25m2FDcpykgjCCZQ3SFAsG3y&index=155,No
Урок 153. Распределение молекул по скоростям,https://www.youtube.com/watch?v=qyo7Tle5BnQ&list=PL1Us50cZo25m2FDcpykgjCCZQ3SFAsG3y&index=156,No
Урок 154. Задачи на вычисление скорости молекул,https://www.youtube.com/watch?v=8oLOWm_1NIg&list=PL1Us50cZo25m2FDcpykgjCCZQ3SFAsG3y&index=157,No
Урок 155. Изучение распределения Максвелла,https://www.youtube.com/watch?v=fOBmow41GaQ&list=PL1Us50cZo25m2FDcpykgjCCZQ3SFAsG3y&index=158,No
Урок 156. Уравнение состояния идеального газа. Квазистатические процессы,https://www.youtube.com/watch?v=-MXNLgVCm8w&list=PL1Us50cZo25m2FDcpykgjCCZQ3SFAsG3y&index=159,No
Урок 157. Изопроцессы и их графики. Частные газовые законы,https://www.youtube.com/watch?v=tV9KMc3Hje8&list=PL1Us50cZo25m2FDcpykgjCCZQ3SFAsG3y&index=160,No
Урок 158. Задачи на газовые законы - 1,https://www.youtube.com/watch?v=iHOGVBCgyvs&list=PL1Us50cZo25m2FDcpykgjCCZQ3SFAsG3y&index=161,No
Урок 159. Задачи на газовые законы - 2,https://www.youtube.com/watch?v=snMmRywFRoA&list=PL1Us50cZo25m2FDcpykgjCCZQ3SFAsG3y&index=162,No
Урок 160. Задачи на газовые законы - 3,https://www.youtube.com/watch?v=oewLPyOiNdA&list=PL1Us50cZo25m2FDcpykgjCCZQ3SFAsG3y&index=163,No
Урок 161. Задачи на газовые законы - 4,https://www.youtube.com/watch?v=KhFfQ3V-8Xc&list=PL1Us50cZo25m2FDcpykgjCCZQ3SFAsG3y&index=164,No
Урок 162. Построение графиков изопроцессов в различных координатах,https://www.youtube.com/watch?v=KNZMn9d99uw&list=PL1Us50cZo25m2FDcpykgjCCZQ3SFAsG3y&index=165,No
Урок 163. Задачи на графики процессов в газах,https://www.youtube.com/watch?v=96J3yyfji9Y&list=PL1Us50cZo25m2FDcpykgjCCZQ3SFAsG3y&index=166,No
Урок 164. Подготовка к контрольной работе - 1,https://www.youtube.com/watch?v=UQQMmitaQck&list=PL1Us50cZo25m2FDcpykgjCCZQ3SFAsG3y&index=167,No
Урок 165. Подготовка к контрольной работе - 2,https://www.youtube.com/watch?v=avGNkJ6nMiE&list=PL1Us50cZo25m2FDcpykgjCCZQ3SFAsG3y&index=168,No
Урок 166. Предмет термодинамики. Внутренняя энергия тела,https://www.youtube.com/watch?v=-9mmb6gjVwE&list=PL1Us50cZo25m2FDcpykgjCCZQ3SFAsG3y&index=169,No
Урок 167. Вычисление работы в термодинамике,https://www.youtube.com/watch?v=RcVnXuQIBuE&list=PL1Us50cZo25m2FDcpykgjCCZQ3SFAsG3y&index=170,No
Урок 168. Задачи на вычисление внутренней энергии,https://www.youtube.com/watch?v=RQHikNcVIE0&list=PL1Us50cZo25m2FDcpykgjCCZQ3SFAsG3y&index=171,No
Урок 169. Задачи на вычисление работы в термодинамике,https://www.youtube.com/watch?v=MIIh_G-j7Kk&list=PL1Us50cZo25m2FDcpykgjCCZQ3SFAsG3y&index=172,No
Урок 170. Количество теплоты. Первый закон термодинамики,https://www.youtube.com/watch?v=xwnaNIelrQU&list=PL1Us50cZo25m2FDcpykgjCCZQ3SFAsG3y&index=173,No
Урок 171. Простейшие задачи на 1-й закон термодинамики,https://www.youtube.com/watch?v=0YhM7n32mhg&list=PL1Us50cZo25m2FDcpykgjCCZQ3SFAsG3y&index=174,No
Урок 172. Применение 1 закона термодинамики для различных процессов,https://www.youtube.com/watch?v=gwys7rQVC6M&list=PL1Us50cZo25m2FDcpykgjCCZQ3SFAsG3y&index=175,No
Урок 173. Задачи на 1-й закон термодинамики - 1,https://www.youtube.com/watch?v=3gJAh6wiVX4&list=PL1Us50cZo25m2FDcpykgjCCZQ3SFAsG3y&index=176,No
Урок 174. Задачи на 1-й закон термодинамики - 2,https://www.youtube.com/watch?v=2U0835QocqM&list=PL1Us50cZo25m2FDcpykgjCCZQ3SFAsG3y&index=177,No
Урок 175. Уравнение теплового баланса,https://www.youtube.com/watch?v=_oNkT_Mga8c&list=PL1Us50cZo25m2FDcpykgjCCZQ3SFAsG3y&index=178,No
Урок 176. Задачи на уравнение теплового баланса,https://www.youtube.com/watch?v=6AB11ExHF0I&list=PL1Us50cZo25m2FDcpykgjCCZQ3SFAsG3y&index=179,No
Урок 177. Задачи на теплопередачу,https://www.youtube.com/watch?v=eDNqyQ9fWkw&list=PL1Us50cZo25m2FDcpykgjCCZQ3SFAsG3y&index=180,No
Урок 178. Тепловые двигатели и их КПД. Цикл Карно,https://www.youtube.com/watch?v=AMFRpRQnMRM&list=PL1Us50cZo25m2FDcpykgjCCZQ3SFAsG3y&index=181,No
Урок 179. Двигатель внутреннего сгорания - 1,https://www.youtube.com/watch?v=K_xr7766H-0&list=PL1Us50cZo25m2FDcpykgjCCZQ3SFAsG3y&index=182,No
Урок 180. Двигатель внутреннего сгорания - 2,https://www.youtube.com/watch?v=BWP8szMAnPk&list=PL1Us50cZo25m2FDcpykgjCCZQ3SFAsG3y&index=183,No
Урок 181. Простейшие задачи на тепловые двигатели,https://www.youtube.com/watch?v=n2ZisHaNq-0&list=PL1Us50cZo25m2FDcpykgjCCZQ3SFAsG3y&index=184,No
Урок 182. Усложненные задачи на тепловые двигатели - 1,https://www.youtube.com/watch?v=UdgcUzutflQ&list=PL1Us50cZo25m2FDcpykgjCCZQ3SFAsG3y&index=185,No
Урок 183. Усложненные задачи на тепловые двигатели - 2,https://www.youtube.com/watch?v=A9ojh67tRmI&list=PL1Us50cZo25m2FDcpykgjCCZQ3SFAsG3y&index=186,No
Урок 184. Холодильные машины и тепловые насосы,https://www.youtube.com/watch?v=4cQaiWfZWFI&list=PL1Us50cZo25m2FDcpykgjCCZQ3SFAsG3y&index=187,No
Урок 185. Устройство компрессионного холодильника,https://www.youtube.com/watch?v=NAda_KQN--0&list=PL1Us50cZo25m2FDcpykgjCCZQ3SFAsG3y&index=188,No
Урок 186. Подготовка к контрольной работе,https://www.youtube.com/watch?v=FBzGdVW2nr0&list=PL1Us50cZo25m2FDcpykgjCCZQ3SFAsG3y&index=189,No
Урок 187. Испарение и конденсация. Насыщенный пар и его свойства,https://www.youtube.com/watch?v=j6l1NMlWZD0&list=PL1Us50cZo25m2FDcpykgjCCZQ3SFAsG3y&index=190,No
Урок 188. Температурная зависимость давления пара. Точка росы,https://www.youtube.com/watch?v=aGSnoPNsIGc&list=PL1Us50cZo25m2FDcpykgjCCZQ3SFAsG3y&index=191,No
Урок 189. Влажность воздуха. Абсолютная и относительная влажность,https://www.youtube.com/watch?v=trjezk4mAYY&list=PL1Us50cZo25m2FDcpykgjCCZQ3SFAsG3y&index=192,No
Урок 190. Приборы для измерения влажности,https://www.youtube.com/watch?v=Ou_Bq-eCInI&list=PL1Us50cZo25m2FDcpykgjCCZQ3SFAsG3y&index=193,No
Урок 191. Задачи на вычисление влажности,https://www.youtube.com/watch?v=-jmeWeP3PjE&list=PL1Us50cZo25m2FDcpykgjCCZQ3SFAsG3y&index=194,No
Урок 192. Кипение жидкости,https://www.youtube.com/watch?v=CYRz8_YRjVM&list=PL1Us50cZo25m2FDcpykgjCCZQ3SFAsG3y&index=195,No
Урок 193. Критическая температура,https://www.youtube.com/watch?v=YELCLDEV6qs&list=PL1Us50cZo25m2FDcpykgjCCZQ3SFAsG3y&index=196,No
Урок 194. Уравнение Ван-дер-Ваальса,https://www.youtube.com/watch?v=YCwmDvvd-xQ&list=PL1Us50cZo25m2FDcpykgjCCZQ3SFAsG3y&index=197,No
Урок 195. Изотермы реального газа,https://www.youtube.com/watch?v=uE-YdiKz45Y&list=PL1Us50cZo25m2FDcpykgjCCZQ3SFAsG3y&index=198,No
Урок 196. Подготовка к контрольной работе,https://www.youtube.com/watch?v=xwoXDoDy98k&list=PL1Us50cZo25m2FDcpykgjCCZQ3SFAsG3y&index=199,No
Урок 197. Поверхностная энергия. Коэффициент поверхностного натяжения,https://www.youtube.com/watch?v=OWxJI0AC1RY&list=PL1Us50cZo25m2FDcpykgjCCZQ3SFAsG3y&index=200,No
Урок 198. Простейшие задачи на поверхностное натяжение,https://www.youtube.com/watch?v=LFJQ9dtG5Yw&list=PL1Us50cZo25m2FDcpykgjCCZQ3SFAsG3y&index=201,No
Урок 199. Смачивание. Капиллярные явления,https://www.youtube.com/watch?v=H5Fhf1G6W_c&list=PL1Us50cZo25m2FDcpykgjCCZQ3SFAsG3y&index=202,No
Урок 200. Задачи на поверхностное натяжение - 1,https://www.youtube.com/watch?v=gnVZmLb5SLI&list=PL1Us50cZo25m2FDcpykgjCCZQ3SFAsG3y&index=203,No
Урок 201. Задачи на поверхностное натяжение - 2,https://www.youtube.com/watch?v=9Z3WfsoCRGM&list=PL1Us50cZo25m2FDcpykgjCCZQ3SFAsG3y&index=204,No
Урок 202. Давление под искривленной поверхностью жидкости. Формула Лапласа,https://www.youtube.com/watch?v=gnouI6gUpJY&list=PL1Us50cZo25m2FDcpykgjCCZQ3SFAsG3y&index=205,No
Урок 203. Задачи на давление Лапласа,https://www.youtube.com/watch?v=TZ3sL45ryFw&list=PL1Us50cZo25m2FDcpykgjCCZQ3SFAsG3y&index=206,No
"Урок 204. Поверхностные явления в природе, технике и в быту",https://www.youtube.com/watch?v=DxR0MW_vNRo&list=PL1Us50cZo25m2FDcpykgjCCZQ3SFAsG3y&index=207,No
Урок 205. Задачи на капиллярные явления,https://www.youtube.com/watch?v=kdHT_EEy53w&list=PL1Us50cZo25m2FDcpykgjCCZQ3SFAsG3y&index=208,No
Урок 206. Подготовка к контрольной работе,https://www.youtube.com/watch?v=lDB9aFp6TLI&list=PL1Us50cZo25m2FDcpykgjCCZQ3SFAsG3y&index=209,No
Урок 207. Кристаллические и аморфные тела,https://www.youtube.com/watch?v=SbTzPITAavY&list=PL1Us50cZo25m2FDcpykgjCCZQ3SFAsG3y&index=210,No
Урок 208. Деформация твердых тел. Классификация видов деформации,https://www.youtube.com/watch?v=jJw-iVuZV2g&list=PL1Us50cZo25m2FDcpykgjCCZQ3SFAsG3y&index=211,No
Урок 209. Закон Гука. Модуль Юнга,https://www.youtube.com/watch?v=Wy5oWYEzYBs&list=PL1Us50cZo25m2FDcpykgjCCZQ3SFAsG3y&index=212,No
Урок 210. Диаграмма растяжения. Запас прочности,https://www.youtube.com/watch?v=szib0JlDnnA&list=PL1Us50cZo25m2FDcpykgjCCZQ3SFAsG3y&index=213,No
Урок 211. Дефекты в кристаллах. Управление механическими свойствами материалов,https://www.youtube.com/watch?v=FJtV3uXPCDA&list=PL1Us50cZo25m2FDcpykgjCCZQ3SFAsG3y&index=214,No
Урок 212. Жидкие кристаллы,https://www.youtube.com/watch?v=CdXG-rrB5tU&list=PL1Us50cZo25m2FDcpykgjCCZQ3SFAsG3y&index=215,No
Урок 213. Электрические заряды и их взаимодействие. Закон Кулона,https://www.youtube.com/watch?v=MNIpF7BZEuI&list=PL1Us50cZo25m2FDcpykgjCCZQ3SFAsG3y&index=216,No
Урок 214. Закон Кулона (продолжение),https://www.youtube.com/watch?v=6kJ535nZI94&list=PL1Us50cZo25m2FDcpykgjCCZQ3SFAsG3y&index=217,No
Урок 215. Задачи на закон Кулона - 1,https://www.youtube.com/watch?v=KaRNf9eGHj4&list=PL1Us50cZo25m2FDcpykgjCCZQ3SFAsG3y&index=218,No
Урок 216. Задачи на закон Кулона - 2,https://www.youtube.com/watch?v=cq1GKwZn3fk&list=PL1Us50cZo25m2FDcpykgjCCZQ3SFAsG3y&index=219,No
Урок 217. Задачи на закон Кулона - 3,https://www.youtube.com/watch?v=vG27WFJHwAg&list=PL1Us50cZo25m2FDcpykgjCCZQ3SFAsG3y&index=220,No
Урок 218. Напряженность электрического поля,https://www.youtube.com/watch?v=oMfwDl8yONc&list=PL1Us50cZo25m2FDcpykgjCCZQ3SFAsG3y&index=221,No
Урок 219. Задачи на напряженность электрического поля - 1,https://www.youtube.com/watch?v=OQ9oZa93LlI&list=PL1Us50cZo25m2FDcpykgjCCZQ3SFAsG3y&index=222,No
Урок 220. Задачи на напряженность электрического поля - 2,https://www.youtube.com/watch?v=ovIqLt4-fB0&list=PL1Us50cZo25m2FDcpykgjCCZQ3SFAsG3y&index=223,No
Урок 221. Решение комбинированных задач,https://www.youtube.com/watch?v=HaT6uR5A4vs&list=PL1Us50cZo25m2FDcpykgjCCZQ3SFAsG3y&index=224,No
Урок 222. Поток вектора напряженности электрического поля,https://www.youtube.com/watch?v=TV_gE1uHQfY&list=PL1Us50cZo25m2FDcpykgjCCZQ3SFAsG3y&index=225,No
Урок 223. Теорема Гаусса,https://www.youtube.com/watch?v=xCzoDH-lGHE&list=PL1Us50cZo25m2FDcpykgjCCZQ3SFAsG3y&index=226,No
Урок 224. Напряженность поля неточечных зарядов,https://www.youtube.com/watch?v=ykw5NFywYuw&list=PL1Us50cZo25m2FDcpykgjCCZQ3SFAsG3y&index=227,No
Урок 225. Задачи на поток вектора напряженности электрического поля,https://www.youtube.com/watch?v=WZtRGx5FGuI&list=PL1Us50cZo25m2FDcpykgjCCZQ3SFAsG3y&index=228,No
Урок 226. Плоский конденсатор,https://www.youtube.com/watch?v=hvO47tPdMXM&list=PL1Us50cZo25m2FDcpykgjCCZQ3SFAsG3y&index=229,No
Урок 227. Проводники в электрическом поле,https://www.youtube.com/watch?v=iLzth3xKOis&list=PL1Us50cZo25m2FDcpykgjCCZQ3SFAsG3y&index=230,No
Урок 228. Диэлектрики в электрическом поле. Диэлектрическая проницаемость,https://www.youtube.com/watch?v=0R_IgLCjer8&list=PL1Us50cZo25m2FDcpykgjCCZQ3SFAsG3y&index=231,No
Урок 229. Работа электрического поля. Потенциал. Электрическое напряжение,https://www.youtube.com/watch?v=zEtA8XHuPIc&list=PL1Us50cZo25m2FDcpykgjCCZQ3SFAsG3y&index=232,No
Урок 230. Простейшие задачи на электрический потенциал,https://www.youtube.com/watch?v=ijDWlzlVpcI&list=PL1Us50cZo25m2FDcpykgjCCZQ3SFAsG3y&index=233,No
Урок 231. Свойства электрического потенциала,https://www.youtube.com/watch?v=GJnv-GWRk3k&list=PL1Us50cZo25m2FDcpykgjCCZQ3SFAsG3y&index=234,No
Урок 232. Электрон-вольт. Потенциал поля точечного заряда,https://www.youtube.com/watch?v=jwUmAv_9rJg&list=PL1Us50cZo25m2FDcpykgjCCZQ3SFAsG3y&index=235,No
Урок 233. Задачи на электрический потенциал - 1,https://www.youtube.com/watch?v=Xj5W5fCHgt0&list=PL1Us50cZo25m2FDcpykgjCCZQ3SFAsG3y&index=236,No
Урок 234. Задачи на электрический потенциал - 2,https://www.youtube.com/watch?v=8nVW5j6yxG4&list=PL1Us50cZo25m2FDcpykgjCCZQ3SFAsG3y&index=237,No
Урок 235. Задачи на электрический потенциал - 3,https://www.youtube.com/watch?v=8UWrayEWdfw&list=PL1Us50cZo25m2FDcpykgjCCZQ3SFAsG3y&index=238,No
Урок 236. Метод электростатических изображений,https://www.youtube.com/watch?v=bPQtfrWykhY&list=PL1Us50cZo25m2FDcpykgjCCZQ3SFAsG3y&index=239,No
Урок 237. Электрическая емкость. Конденсаторы,https://www.youtube.com/watch?v=JcPswqg1YHk&list=PL1Us50cZo25m2FDcpykgjCCZQ3SFAsG3y&index=240,No
Урок 238. Емкость плоского конденсатора. Классификация конденсаторов,https://www.youtube.com/watch?v=aI_e6Rlmcek&list=PL1Us50cZo25m2FDcpykgjCCZQ3SFAsG3y&index=241,No
Урок 239. Соединение конденсаторов в батареи,https://www.youtube.com/watch?v=0WhyFmmZXQs&list=PL1Us50cZo25m2FDcpykgjCCZQ3SFAsG3y&index=242,No
Урок 240. Простейшие задачи на электроемкость,https://www.youtube.com/watch?v=80D7a32Ho34&list=PL1Us50cZo25m2FDcpykgjCCZQ3SFAsG3y&index=243,No
Загадки Вселенной. Космомикрофизика,https://www.youtube.com/watch?v=ula1Ui7KPHg&list=PL1Us50cZo25m2FDcpykgjCCZQ3SFAsG3y&index=244,No
Урок 241. Энергия электрического поля,https://www.youtube.com/watch?v=H0gr5zCIro8&list=PL1Us50cZo25m2FDcpykgjCCZQ3SFAsG3y&index=245,No
Урок 242. Задачи на электроемкость,https://www.youtube.com/watch?v=Z0iPDPi4P2s&list=PL1Us50cZo25m2FDcpykgjCCZQ3SFAsG3y&index=246,No
Урок 243. Подготовка к КР по электростатике - 1,https://www.youtube.com/watch?v=HeduQ8H-clI&list=PL1Us50cZo25m2FDcpykgjCCZQ3SFAsG3y&index=247,No
Урок 244. Подготовка к КР по электростатике - 2,https://www.youtube.com/watch?v=7Ss7IQB0wyA&list=PL1Us50cZo25m2FDcpykgjCCZQ3SFAsG3y&index=248,No
Урок 245. Подготовка к КР по электростатике - 3,https://www.youtube.com/watch?v=C9qUI9qSBCY&list=PL1Us50cZo25m2FDcpykgjCCZQ3SFAsG3y&index=249,No
Урок 246 Условия существования постоянного тока. Электродвижущая сила,https://www.youtube.com/watch?v=68Nktnw2Egg&list=PL1Us50cZo25m2FDcpykgjCCZQ3SFAsG3y&index=250,No
Урок 247. Закон Ома. Вычисление сопротивления проводника,https://www.youtube.com/watch?v=PBI9RxyDpi8&list=PL1Us50cZo25m2FDcpykgjCCZQ3SFAsG3y&index=251,No
Урок 248. Задачи на вычисление сопротивления проводника,https://www.youtube.com/watch?v=_jeA_5fA7JU&list=PL1Us50cZo25m2FDcpykgjCCZQ3SFAsG3y&index=252,No
Урок 249. Последовательное и параллельное соединение проводников,https://www.youtube.com/watch?v=XvlVPf43lzo&list=PL1Us50cZo25m2FDcpykgjCCZQ3SFAsG3y&index=253,No
Урок 250. Задачи на расчет электрических цепей - 1,https://www.youtube.com/watch?v=YJbkhMS40b4&list=PL1Us50cZo25m2FDcpykgjCCZQ3SFAsG3y&index=254,No
Урок 251. Измерение напряжения и силы тока,https://www.youtube.com/watch?v=KAh8itbUGS4&list=PL1Us50cZo25m2FDcpykgjCCZQ3SFAsG3y&index=255,No
Урок 252. Задачи на расчет электрических цепей - 2,https://www.youtube.com/watch?v=5fdISDOfs3Y&list=PL1Us50cZo25m2FDcpykgjCCZQ3SFAsG3y&index=256,No
Урок 253. Задачи на расчет электрических цепей - 3,https://www.youtube.com/watch?v=xFJS75TsGIc&list=PL1Us50cZo25m2FDcpykgjCCZQ3SFAsG3y&index=257,No
Урок 254. Закон Джоуля-Ленца. Работа и мощность электрического тока,https://www.youtube.com/watch?v=yP1V4Zzjl6Q&list=PL1Us50cZo25m2FDcpykgjCCZQ3SFAsG3y&index=258,No
Урок 255. Задачи на работу и мощность электрического тока,https://www.youtube.com/watch?v=_DcC2SwxNNk&list=PL1Us50cZo25m2FDcpykgjCCZQ3SFAsG3y&index=259,No
Урок 256. Закон Ома для полной (замкнутой) цепи.,https://www.youtube.com/watch?v=UmO_sWGaOhY&list=PL1Us50cZo25m2FDcpykgjCCZQ3SFAsG3y&index=260,No
Урок 257. Задачи на закон Ома для полной цепи - 1,https://www.youtube.com/watch?v=Q2jTuMNO4wo&list=PL1Us50cZo25m2FDcpykgjCCZQ3SFAsG3y&index=261,No
Урок 258. Задачи на закон Ома для полной цепи - 2,https://www.youtube.com/watch?v=cDZIEV2WVIQ&list=PL1Us50cZo25m2FDcpykgjCCZQ3SFAsG3y&index=262,No
Урок 259. Подготовка к контрольной работе - 1,https://www.youtube.com/watch?v=cB73bVe709c&list=PL1Us50cZo25m2FDcpykgjCCZQ3SFAsG3y&index=263,No
Урок 260. Подготовка к контрольной работе - 2,https://www.youtube.com/watch?v=zE4fyushWHI&list=PL1Us50cZo25m2FDcpykgjCCZQ3SFAsG3y&index=264,No
Урок 261. Потери энергии в ЛЭП. Условие согласования источника тока с нагрузкой,https://www.youtube.com/watch?v=jT5b9oOzBHE&list=PL1Us50cZo25m2FDcpykgjCCZQ3SFAsG3y&index=265,No
Урок 262. Задачи на потери энергии в ЛЭП,https://www.youtube.com/watch?v=xi0n78bJU2o&list=PL1Us50cZo25m2FDcpykgjCCZQ3SFAsG3y&index=266,No
Урок 263. Правила Кирхгофа,https://www.youtube.com/watch?v=-dGngUpT2xA&list=PL1Us50cZo25m2FDcpykgjCCZQ3SFAsG3y&index=267,No
Урок 264. Соединение источников тока в батареи,https://www.youtube.com/watch?v=5Tk8IevoF6E&list=PL1Us50cZo25m2FDcpykgjCCZQ3SFAsG3y&index=268,No
Урок 265. Задачи на правила Кирхгофа,https://www.youtube.com/watch?v=SYtHJTUgX9M&list=PL1Us50cZo25m2FDcpykgjCCZQ3SFAsG3y&index=269,No
Урок 266. Задачи на мощность электрического тока,https://www.youtube.com/watch?v=PQKtqAHPWZQ&list=PL1Us50cZo25m2FDcpykgjCCZQ3SFAsG3y&index=270,No
Урок 267. Компенсационные методы измерения ЭДС и сопротивления,https://www.youtube.com/watch?v=mZIIorOKO7c&list=PL1Us50cZo25m2FDcpykgjCCZQ3SFAsG3y&index=271,No
Урок 268. Задачи на мощность тока и КПД,https://www.youtube.com/watch?v=_DahyfXa5oE&list=PL1Us50cZo25m2FDcpykgjCCZQ3SFAsG3y&index=272,No
Урок 269. Задачи на тепловое действие тока,https://www.youtube.com/watch?v=TD23HdWNT30&list=PL1Us50cZo25m2FDcpykgjCCZQ3SFAsG3y&index=273,No
Урок 270. Магнитное поле и его характеристики,https://www.youtube.com/watch?v=-ngxcW7VMLY&list=PL1Us50cZo25m2FDcpykgjCCZQ3SFAsG3y&index=274,No
Урок 271. Модуль вектора магнитной индукции. Закон Ампера,https://www.youtube.com/watch?v=mgipYDDZeLg&list=PL1Us50cZo25m2FDcpykgjCCZQ3SFAsG3y&index=275,No
Урок 272. Задачи на закон Ампера - 1,https://www.youtube.com/watch?v=5yISVyp3MGU&list=PL1Us50cZo25m2FDcpykgjCCZQ3SFAsG3y&index=276,No
Урок 273. Рамка с током в магнитном поле,https://www.youtube.com/watch?v=tCV4mij_zKI&list=PL1Us50cZo25m2FDcpykgjCCZQ3SFAsG3y&index=277,No
Урок 274. Задачи на закон Ампера - 2,https://www.youtube.com/watch?v=WG4hZcCdIKU&list=PL1Us50cZo25m2FDcpykgjCCZQ3SFAsG3y&index=278,No
Урок 275. Электроизмерительные приборы. Громкоговорители,https://www.youtube.com/watch?v=rTa0GEGCsDI&list=PL1Us50cZo25m2FDcpykgjCCZQ3SFAsG3y&index=279,No
Урок 276. Сила Лоренца. Движение заряженных частиц в магнитном поле,https://www.youtube.com/watch?v=7IUpOAsKKvI&list=PL1Us50cZo25m2FDcpykgjCCZQ3SFAsG3y&index=280,No
Урок 277. Масс-спектрограф. Циклотрон. Магнитный щит Земли,https://www.youtube.com/watch?v=6juVVK8n_5c&list=PL1Us50cZo25m2FDcpykgjCCZQ3SFAsG3y&index=281,No
Урок 278. Задачи на силу Лоренца - 1,https://www.youtube.com/watch?v=VtS40_i1bmw&list=PL1Us50cZo25m2FDcpykgjCCZQ3SFAsG3y&index=282,No
Урок 279. Задачи на силу Лоренца - 2,https://www.youtube.com/watch?v=ZFr1KcBiSBA&list=PL1Us50cZo25m2FDcpykgjCCZQ3SFAsG3y&index=283,No
Урок 280. Подготовка к контрольной работе,https://www.youtube.com/watch?v=vUG45Lfo170&list=PL1Us50cZo25m2FDcpykgjCCZQ3SFAsG3y&index=284,No
Урок 281. Электромагнитная индукция. Магнитный поток. Правило Ленца,https://www.youtube.com/watch?v=OW9NaY6Dy7w&list=PL1Us50cZo25m2FDcpykgjCCZQ3SFAsG3y&index=285,No
Урок 282. Закон Фарадея для электромагнитной индукции,https://www.youtube.com/watch?v=N6t0CLFCugo&list=PL1Us50cZo25m2FDcpykgjCCZQ3SFAsG3y&index=286,No
Урок 283. Вихревое электрическое поле,https://www.youtube.com/watch?v=FAqvdIPttjo&list=PL1Us50cZo25m2FDcpykgjCCZQ3SFAsG3y&index=287,No
Урок 284. Задачи на электромагнитную индукцию - 1,https://www.youtube.com/watch?v=MWAd23ODgGM&list=PL1Us50cZo25m2FDcpykgjCCZQ3SFAsG3y&index=288,No
Урок 285. Задачи на электромагнитную индукцию - 2,https://www.youtube.com/watch?v=xb5d4GlL-us&list=PL1Us50cZo25m2FDcpykgjCCZQ3SFAsG3y&index=289,No
Урок 286. Задачи на электромагнитную индукцию - 3,https://www.youtube.com/watch?v=e9aV3koSeJE&list=PL1Us50cZo25m2FDcpykgjCCZQ3SFAsG3y&index=290,No
Урок 287. Индуктивность контура (катушки). Явление самоиндукции,https://www.youtube.com/watch?v=8pluF9EEEgc&list=PL1Us50cZo25m2FDcpykgjCCZQ3SFAsG3y&index=291,No
Урок 288. Явление самоиндукции (окончание). Задачи на индуктивность,https://www.youtube.com/watch?v=aoXBEqTVggA&list=PL1Us50cZo25m2FDcpykgjCCZQ3SFAsG3y&index=292,No
"Урок 289. Магнитное поле в веществе. Магнитная проницаемость. Диа-, пара- и ферромагнетики",https://www.youtube.com/watch?v=E1JKhaMLUQY&list=PL1Us50cZo25m2FDcpykgjCCZQ3SFAsG3y&index=293,No
Урок 290. Объяснение свойств ферромагнетиков,https://www.youtube.com/watch?v=lWOtyBtz_Sk&list=PL1Us50cZo25m2FDcpykgjCCZQ3SFAsG3y&index=294,No
Урок 291. Задачи на электромагнитную индукцию - 4,https://www.youtube.com/watch?v=Qn_M4vBEZgs&list=PL1Us50cZo25m2FDcpykgjCCZQ3SFAsG3y&index=295,No
Урок 292. Энергия магнитного поля,https://www.youtube.com/watch?v=8Vnj4pywDks&list=PL1Us50cZo25m2FDcpykgjCCZQ3SFAsG3y&index=296,No
Урок 293. Подготовка к контрольной работе,https://www.youtube.com/watch?v=UxLtt7eGSYo&list=PL1Us50cZo25m2FDcpykgjCCZQ3SFAsG3y&index=297,No
Урок 294. Основы электронной теории электропроводности металлов,https://www.youtube.com/watch?v=ToLtYy5ITJ0&list=PL1Us50cZo25m2FDcpykgjCCZQ3SFAsG3y&index=298,No
Урок 295. Вывод закона Ома из электронной теории,https://www.youtube.com/watch?v=TQcCV6lIvDo&list=PL1Us50cZo25m2FDcpykgjCCZQ3SFAsG3y&index=299,No
Урок 296. Температурная зависимость сопротивления металлов. Сверхпроводимость,https://www.youtube.com/watch?v=ARiBhBYZSos&list=PL1Us50cZo25m2FDcpykgjCCZQ3SFAsG3y&index=300,No
Урок 297. Сверхпроводимость (окончание). Решение задач,https://www.youtube.com/watch?v=C1u0DRVsYH8&list=PL1Us50cZo25m2FDcpykgjCCZQ3SFAsG3y&index=301,No
Урок 298. Электрический ток в жидкостях. Закон Фарадея для электролиза,https://www.youtube.com/watch?v=dbbfYBmaTqs&list=PL1Us50cZo25m2FDcpykgjCCZQ3SFAsG3y&index=302,No
Урок 299. Применение электролиза,https://www.youtube.com/watch?v=2fKI0Cg6qgA&list=PL1Us50cZo25m2FDcpykgjCCZQ3SFAsG3y&index=303,No
Урок 300. Об измерении элементарного заряда. Задачи на электролиз - 1,https://www.youtube.com/watch?v=wcI_D1djZBA&list=PL1Us50cZo25m2FDcpykgjCCZQ3SFAsG3y&index=304,No
Урок 301. Задачи на электролиз - 2,https://www.youtube.com/watch?v=RizCcEoxmjc&list=PL1Us50cZo25m2FDcpykgjCCZQ3SFAsG3y&index=305,No
Урок 302. Электрической ток в вакууме. Вакуумный диод,https://www.youtube.com/watch?v=NZlfo7SXf9U&list=PL1Us50cZo25m2FDcpykgjCCZQ3SFAsG3y&index=306,No
Урок 303. Вакуумный триод. Усилитель на вакуумном триоде,https://www.youtube.com/watch?v=sSZ38BQ5dbk&list=PL1Us50cZo25m2FDcpykgjCCZQ3SFAsG3y&index=307,No
Урок 304. Электронные пучки. Электронно-лучевая трубка. Осциллограф,https://www.youtube.com/watch?v=3k_WRTr1yYE&list=PL1Us50cZo25m2FDcpykgjCCZQ3SFAsG3y&index=308,No
Урок 305. Электрический ток в полупроводниках. Собственная и примесная проводимость.,https://www.youtube.com/watch?v=pYGib43HU88&list=PL1Us50cZo25m2FDcpykgjCCZQ3SFAsG3y&index=309,No
Урок 306. Электронно-дырочный переход. Полупроводниковый диод,https://www.youtube.com/watch?v=H59Qi5_mVYA&list=PL1Us50cZo25m2FDcpykgjCCZQ3SFAsG3y&index=310,No
Урок 307. Задачи на ток в вакууме и в полупроводниках,https://www.youtube.com/watch?v=3Oksejm9Nuw&list=PL1Us50cZo25m2FDcpykgjCCZQ3SFAsG3y&index=311,No
Урок 308. Транзистор. Усилитель на транзисторе,https://www.youtube.com/watch?v=kBolzQc4j3c&list=PL1Us50cZo25m2FDcpykgjCCZQ3SFAsG3y&index=312,No
Урок 309. Электрический ток в газах. Плазма,https://www.youtube.com/watch?v=5tdfWn075SQ&list=PL1Us50cZo25m2FDcpykgjCCZQ3SFAsG3y&index=313,No
Урок 310. Виды газового разряда,https://www.youtube.com/watch?v=cWNrVpfo7HU&list=PL1Us50cZo25m2FDcpykgjCCZQ3SFAsG3y&index=314,No
Урок 311. Основные понятия и соотношения кинематики (повторение),https://www.youtube.com/watch?v=rcfr38l6Udc&list=PL1Us50cZo25m2FDcpykgjCCZQ3SFAsG3y&index=315,No
Урок 312. Задачи по кинематике-1,https://www.youtube.com/watch?v=jr30XVEUcbQ&list=PL1Us50cZo25m2FDcpykgjCCZQ3SFAsG3y&index=316,No
Урок 313. Задачи по кинематике - 2,https://www.youtube.com/watch?v=ULKujGxSnfQ&list=PL1Us50cZo25m2FDcpykgjCCZQ3SFAsG3y&index=317,No
Урок 314. Основные законы и соотношения динамики (повторение),https://www.youtube.com/watch?v=BNVNomHfYR4&list=PL1Us50cZo25m2FDcpykgjCCZQ3SFAsG3y&index=318,No
Урок 315. Решение задач динамики,https://www.youtube.com/watch?v=devt7u9CFRo&list=PL1Us50cZo25m2FDcpykgjCCZQ3SFAsG3y&index=319,No
Урок 316. Импульс. Работа. Энергия (повторение),https://www.youtube.com/watch?v=t_E2wdYWx2A&list=PL1Us50cZo25m2FDcpykgjCCZQ3SFAsG3y&index=320,No
Урок 317. Задачи на законы сохранения,https://www.youtube.com/watch?v=DG2Yx2AqPQM&list=PL1Us50cZo25m2FDcpykgjCCZQ3SFAsG3y&index=321,No
Урок 318. Подготовка к контрольной по механике - 1,https://www.youtube.com/watch?v=9p_hMsd0BGw&list=PL1Us50cZo25m2FDcpykgjCCZQ3SFAsG3y&index=322,No
Урок 319. Подготовка к контрольной по механике - 2,https://www.youtube.com/watch?v=w8CbhNFdadQ&list=PL1Us50cZo25m2FDcpykgjCCZQ3SFAsG3y&index=323,No
Урок 320. Производная функции и ее геометрический смысл,https://www.youtube.com/watch?v=7bG4LlTiBX0&list=PL1Us50cZo25m2FDcpykgjCCZQ3SFAsG3y&index=324,No
Урок 321. Правила вычисления производной,https://www.youtube.com/watch?v=eZoqes45Udw&list=PL1Us50cZo25m2FDcpykgjCCZQ3SFAsG3y&index=325,No
Урок 322. Производная сложной функции. Производная тригонометрических функций,https://www.youtube.com/watch?v=YkPEFpfEtSI&list=PL1Us50cZo25m2FDcpykgjCCZQ3SFAsG3y&index=326,No
Урок 323. Применение производной в задачах физики - 1,https://www.youtube.com/watch?v=inTrnnyyCr0&list=PL1Us50cZo25m2FDcpykgjCCZQ3SFAsG3y&index=327,No
Урок 324. Применение производной в задачах физики - 2,https://www.youtube.com/watch?v=cclnlfxKCVs&list=PL1Us50cZo25m2FDcpykgjCCZQ3SFAsG3y&index=328,No
Урок 325. Колебательное движение и его характеристики,https://www.youtube.com/watch?v=Kc2-znE9-wY&list=PL1Us50cZo25m2FDcpykgjCCZQ3SFAsG3y&index=329,No
Урок 326. Динамика колебательного движения,https://www.youtube.com/watch?v=ya06QBPiotw&list=PL1Us50cZo25m2FDcpykgjCCZQ3SFAsG3y&index=330,No
Урок 327. Гармонические колебания,https://www.youtube.com/watch?v=cRIxnx9SfMg&list=PL1Us50cZo25m2FDcpykgjCCZQ3SFAsG3y&index=331,No
Урок 328. Зависимость периода свободных колебаний от параметров колебательной системы,https://www.youtube.com/watch?v=A_-OaN-Xadg&list=PL1Us50cZo25m2FDcpykgjCCZQ3SFAsG3y&index=332,No
Урок 329. Задачи на гармонические колебания - 1,https://www.youtube.com/watch?v=KCCpwcCu0P0&list=PL1Us50cZo25m2FDcpykgjCCZQ3SFAsG3y&index=333,No
Урок 330. Скорость и ускорение при гармонических колебаниях,https://www.youtube.com/watch?v=-gtOpvPzGjw&list=PL1Us50cZo25m2FDcpykgjCCZQ3SFAsG3y&index=334,No
"Урок 331. ""Силовой"" метод расчета частоты свободных колебаний",https://www.youtube.com/watch?v=LADAgtW9XwQ&list=PL1Us50cZo25m2FDcpykgjCCZQ3SFAsG3y&index=335,No
Урок 332. Задачи на гармонические колебания - 2,https://www.youtube.com/watch?v=BI8XTxJBZIw&list=PL1Us50cZo25m2FDcpykgjCCZQ3SFAsG3y&index=336,No
"Урок 333. ""Энергетический"" метод расчета частоты свободных колебаний",https://www.youtube.com/watch?v=Vh9q03WXM7I&list=PL1Us50cZo25m2FDcpykgjCCZQ3SFAsG3y&index=337,No
Урок 334. Задачи на гармонические колебания - 3,https://www.youtube.com/watch?v=ZigUeOzLv1U&list=PL1Us50cZo25m2FDcpykgjCCZQ3SFAsG3y&index=338,No
Урок 335. Анализ графика гармонических колебаний,https://www.youtube.com/watch?v=LfuF0xr_waY&list=PL1Us50cZo25m2FDcpykgjCCZQ3SFAsG3y&index=339,No
Урок 336. Векторное представление колебаний,https://www.youtube.com/watch?v=yah34pYiBv8&list=PL1Us50cZo25m2FDcpykgjCCZQ3SFAsG3y&index=340,No
Урок 337. Сложение колебаний одной частоты. Метод векторных диаграмм,https://www.youtube.com/watch?v=vnu7RGXC0DM&list=PL1Us50cZo25m2FDcpykgjCCZQ3SFAsG3y&index=341,No
Урок 338. Сложение колебаний близких частот. Биения,https://www.youtube.com/watch?v=KTg8E54rt0w&list=PL1Us50cZo25m2FDcpykgjCCZQ3SFAsG3y&index=342,No
Урок 339. Задачи на гармонические колебания - 4,https://www.youtube.com/watch?v=p3C9eMCOVzc&list=PL1Us50cZo25m2FDcpykgjCCZQ3SFAsG3y&index=343,No
Урок 340. Сложение колебаний кратных частот. Гармонический анализ и синтез,https://www.youtube.com/watch?v=5wU_VqWGzXw&list=PL1Us50cZo25m2FDcpykgjCCZQ3SFAsG3y&index=344,No
Урок 341. Подготовка к контрольной работе,https://www.youtube.com/watch?v=hYw6bSavjHM&list=PL1Us50cZo25m2FDcpykgjCCZQ3SFAsG3y&index=345,No
Урок 342. Сложение взаимно перпендикулярных колебаний. Фигуры Лиссажу,https://www.youtube.com/watch?v=SDrZAmocwso&list=PL1Us50cZo25m2FDcpykgjCCZQ3SFAsG3y&index=346,No
Урок 343. Затухающие колебания (часть 1),https://www.youtube.com/watch?v=GpUR3z2bZKQ&list=PL1Us50cZo25m2FDcpykgjCCZQ3SFAsG3y&index=347,No
Урок 344. Затухающие колебания (часть 2),https://www.youtube.com/watch?v=yHQXB5eGllc&list=PL1Us50cZo25m2FDcpykgjCCZQ3SFAsG3y&index=348,No
Урок 345. Добротность колебательной системы,https://www.youtube.com/watch?v=tNJDjGcEgVs&list=PL1Us50cZo25m2FDcpykgjCCZQ3SFAsG3y&index=349,No
Урок 346. Определение добротности по графику затухающих колебаний,https://www.youtube.com/watch?v=AHOOn7_KZNI&list=PL1Us50cZo25m2FDcpykgjCCZQ3SFAsG3y&index=350,No
Урок 347. Вынужденные колебания. Резонанс (часть 1),https://www.youtube.com/watch?v=oxbqwP3F2q8&list=PL1Us50cZo25m2FDcpykgjCCZQ3SFAsG3y&index=351,No
Урок 348. Резонанс (Часть 2),https://www.youtube.com/watch?v=IQfZERp7oJo&list=PL1Us50cZo25m2FDcpykgjCCZQ3SFAsG3y&index=352,No
Урок 349. Резонанс (Часть 3),https://www.youtube.com/watch?v=XtJNJRWrQq4&list=PL1Us50cZo25m2FDcpykgjCCZQ3SFAsG3y&index=353,No
Урок 350. Подготовка к контрольной работе,https://www.youtube.com/watch?v=CCGjZ35Xs7M&list=PL1Us50cZo25m2FDcpykgjCCZQ3SFAsG3y&index=354,No
Урок 351. Электромагнитная индукция (повторение),https://www.youtube.com/watch?v=tls12mjFgtA&list=PL1Us50cZo25m2FDcpykgjCCZQ3SFAsG3y&index=355,No
Урок 352. Задачи на электромагнитную индукцию (повторение),https://www.youtube.com/watch?v=0W3-PSUDcR4&list=PL1Us50cZo25m2FDcpykgjCCZQ3SFAsG3y&index=356,No
Урок 353. Колебательный контур,https://www.youtube.com/watch?v=EZxVAFgdVg0&list=PL1Us50cZo25m2FDcpykgjCCZQ3SFAsG3y&index=357,No
Урок 354. Математическое описание процессов в колебательном контуре,https://www.youtube.com/watch?v=gHDpVJVch6Q&list=PL1Us50cZo25m2FDcpykgjCCZQ3SFAsG3y&index=358,No
Урок 355. Затухающие электромагнитные колебания.,https://www.youtube.com/watch?v=xtFhJH08ViY&list=PL1Us50cZo25m2FDcpykgjCCZQ3SFAsG3y&index=359,No
Урок 356. Генератор переменного электрического тока,https://www.youtube.com/watch?v=ixLbTzf1NVE&list=PL1Us50cZo25m2FDcpykgjCCZQ3SFAsG3y&index=360,No
Урок 357. Задачи на электромагнитые колебания - 1,https://www.youtube.com/watch?v=ZZZA6FV0A3M&list=PL1Us50cZo25m2FDcpykgjCCZQ3SFAsG3y&index=361,No
Урок 358. Активное сопротивление в цепи переменного тока. Действующее значение тока и напряжения,https://www.youtube.com/watch?v=zhc6U_ntQFY&list=PL1Us50cZo25m2FDcpykgjCCZQ3SFAsG3y&index=362,No
Урок 359. Конденсатор и катушка индуктивности в цепи переменного тока.,https://www.youtube.com/watch?v=RUVaUEMpLkA&list=PL1Us50cZo25m2FDcpykgjCCZQ3SFAsG3y&index=363,No
Урок 360. Задачи на электромагнитные колебания - 2,https://www.youtube.com/watch?v=oaMT176g9eA&list=PL1Us50cZo25m2FDcpykgjCCZQ3SFAsG3y&index=364,No
Урок 361. Вынужденные колебания в последовательном колебательном контуре,https://www.youtube.com/watch?v=bna_f9UK4Oo&list=PL1Us50cZo25m2FDcpykgjCCZQ3SFAsG3y&index=365,No
Урок 362. Анализ вынужденных электромагнитных колебаний методом векторных диаграмм,https://www.youtube.com/watch?v=dlFJV6HCsCE&list=PL1Us50cZo25m2FDcpykgjCCZQ3SFAsG3y&index=366,No
Урок 363. Мощность в цепи переменного тока,https://www.youtube.com/watch?v=UtNtmbrojVI&list=PL1Us50cZo25m2FDcpykgjCCZQ3SFAsG3y&index=367,No
Урок 364. Задачи на переменный ток,https://www.youtube.com/watch?v=bWLLFKdcKJ8&list=PL1Us50cZo25m2FDcpykgjCCZQ3SFAsG3y&index=368,No
Урок 365. Автоколебания. Транзисторный генератор незатухающих колебаний,https://www.youtube.com/watch?v=H59i1Vw85IY&list=PL1Us50cZo25m2FDcpykgjCCZQ3SFAsG3y&index=369,No
Урок 366. Трансформатор,https://www.youtube.com/watch?v=IvJohBD9J14&list=PL1Us50cZo25m2FDcpykgjCCZQ3SFAsG3y&index=370,No
Урок 367. Передача электроэнергии на расстояние,https://www.youtube.com/watch?v=Hrw1FlC4awA&list=PL1Us50cZo25m2FDcpykgjCCZQ3SFAsG3y&index=371,No
Урок 368. Задачи на трансформатор,https://www.youtube.com/watch?v=jwKWrPYbkdc&list=PL1Us50cZo25m2FDcpykgjCCZQ3SFAsG3y&index=372,No
Урок 369. Задачи на электромагнитные колебания - 3,https://www.youtube.com/watch?v=1A_Het4Dp9o&list=PL1Us50cZo25m2FDcpykgjCCZQ3SFAsG3y&index=373,No
Урок 370. Механические волны. Математическое описание бегущей волны,https://www.youtube.com/watch?v=bZl6G2eaGrI&list=PL1Us50cZo25m2FDcpykgjCCZQ3SFAsG3y&index=374,No
Урок 371. Фазовая скорость волны. Скорость поперечной волны в струне,https://www.youtube.com/watch?v=jXQaiMptj-w&list=PL1Us50cZo25m2FDcpykgjCCZQ3SFAsG3y&index=375,No
Урок 372. Скорость продольной волны в стержне. Скорость звука в жидкостях и газах.,https://www.youtube.com/watch?v=Y_YR6O3MrGg&list=PL1Us50cZo25m2FDcpykgjCCZQ3SFAsG3y&index=376,No
Урок 373. Задачи на волновое движение - 1,https://www.youtube.com/watch?v=81EbMuUOapQ&list=PL1Us50cZo25m2FDcpykgjCCZQ3SFAsG3y&index=377,No
"Урок 374. Энергия, переносимая волной. Интенсивность сферической волны",https://www.youtube.com/watch?v=t4s_SQu4KUA&list=PL1Us50cZo25m2FDcpykgjCCZQ3SFAsG3y&index=378,No
Урок 375. Стоячие волны,https://www.youtube.com/watch?v=gXBGv9kXn98&list=PL1Us50cZo25m2FDcpykgjCCZQ3SFAsG3y&index=379,No
"Урок 376. Колебания струн, стержней и воздушных столбов",https://www.youtube.com/watch?v=GvFTMg3stuM&list=PL1Us50cZo25m2FDcpykgjCCZQ3SFAsG3y&index=380,No
Урок 378. Методы определения скорости звука в воздухе,https://www.youtube.com/watch?v=uT1PtfwBIzc&list=PL1Us50cZo25m2FDcpykgjCCZQ3SFAsG3y&index=381,No
Урок 379. Эффект Доплера в акустике,https://www.youtube.com/watch?v=IaKRDDtRB20&list=PL1Us50cZo25m2FDcpykgjCCZQ3SFAsG3y&index=382,No
Урок 380. Интерференция волн,https://www.youtube.com/watch?v=9cGl9i2ZlpM&list=PL1Us50cZo25m2FDcpykgjCCZQ3SFAsG3y&index=383,No
Урок 381. Принцип Гюйгенса. Вывод законов отражения и преломления волн,https://www.youtube.com/watch?v=3YWZAOweLB0&list=PL1Us50cZo25m2FDcpykgjCCZQ3SFAsG3y&index=384,No
Урок 382. Распространение волн в неоднородных средах. Рефракция. Дифракция.,https://www.youtube.com/watch?v=8g8CzZWI54w&list=PL1Us50cZo25m2FDcpykgjCCZQ3SFAsG3y&index=385,No
Урок 384. Излучение электромагнитных волн.,https://www.youtube.com/watch?v=b5uTFYWAhGE&list=PL1Us50cZo25m2FDcpykgjCCZQ3SFAsG3y&index=386,No
Урок 385. Опыты Герца. Свойства электромагнитных волн,https://www.youtube.com/watch?v=8EysU8xTr6o&list=PL1Us50cZo25m2FDcpykgjCCZQ3SFAsG3y&index=387,No
Урок 386. Изобретение радио. Принципы радиосвязи,https://www.youtube.com/watch?v=BC3Oi4zYF1s&list=PL1Us50cZo25m2FDcpykgjCCZQ3SFAsG3y&index=388,No
Урок 387. Принципы радиосвязи. Распространение волн различных диапазонов,https://www.youtube.com/watch?v=I5YrsGFf8_k&list=PL1Us50cZo25m2FDcpykgjCCZQ3SFAsG3y&index=389,No
Урок 388. Радиолокация. Физические основы телевидения,https://www.youtube.com/watch?v=fCcUIfkFBkA&list=PL1Us50cZo25m2FDcpykgjCCZQ3SFAsG3y&index=390,No
Урок 389. Задачи на электромагнитные волны - 1,https://www.youtube.com/watch?v=2ThXaErEj3o&list=PL1Us50cZo25m2FDcpykgjCCZQ3SFAsG3y&index=391,No
Урок 390. Задачи на электромагнитные волны - 2,https://www.youtube.com/watch?v=clVBUdGrH9g&list=PL1Us50cZo25m2FDcpykgjCCZQ3SFAsG3y&index=392,No
Урок 391. Законы геометрической оптики - 1,https://www.youtube.com/watch?v=LVziS9Fkrb4&list=PL1Us50cZo25m2FDcpykgjCCZQ3SFAsG3y&index=393,No
Урок 392. Законы геометрической оптики - 2,https://www.youtube.com/watch?v=df1npELwAiU&list=PL1Us50cZo25m2FDcpykgjCCZQ3SFAsG3y&index=394,No
Урок 393. Законы геометрической оптики - 3,https://www.youtube.com/watch?v=Tq8X0nu2RqM&list=PL1Us50cZo25m2FDcpykgjCCZQ3SFAsG3y&index=395,No
Урок 394. Задачи на законы геометрической оптики,https://www.youtube.com/watch?v=OoR42yq4Lx4&list=PL1Us50cZo25m2FDcpykgjCCZQ3SFAsG3y&index=396,No
Урок 395. Сферические линзы. Основные определения,https://www.youtube.com/watch?v=DXp-mmvGWJs&list=PL1Us50cZo25m2FDcpykgjCCZQ3SFAsG3y&index=397,No
Урок 396. Построение изображений с помощью линз,https://www.youtube.com/watch?v=3kBXw_w1lSg&list=PL1Us50cZo25m2FDcpykgjCCZQ3SFAsG3y&index=398,No
Урок 397. Формула тонкой линзы. Линейное увеличение линзы,https://www.youtube.com/watch?v=_sLuh03AdW0&list=PL1Us50cZo25m2FDcpykgjCCZQ3SFAsG3y&index=399,No
Урок 398. Задачи на формулу тонкой линзы - 1,https://www.youtube.com/watch?v=O4h_wTbmfjA&list=PL1Us50cZo25m2FDcpykgjCCZQ3SFAsG3y&index=400,No
Урок 399. Задачи на формулу тонкой линзы - 2,https://www.youtube.com/watch?v=KFm5g4j6UmA&list=PL1Us50cZo25m2FDcpykgjCCZQ3SFAsG3y&index=401,No
Урок 400. Недостатки линз,https://www.youtube.com/watch?v=vwvDH9K5xkg&list=PL1Us50cZo25m2FDcpykgjCCZQ3SFAsG3y&index=402,No
Урок 401. Преломление света сферической поверхностью,https://www.youtube.com/watch?v=v7z-GZxtp4s&list=PL1Us50cZo25m2FDcpykgjCCZQ3SFAsG3y&index=403,No
Урок 402. Формула шлифовщика линз,https://www.youtube.com/watch?v=UuvWgJJKABg&list=PL1Us50cZo25m2FDcpykgjCCZQ3SFAsG3y&index=404,No
Урок 403. Оптика сферических зеркал,https://www.youtube.com/watch?v=lTRMfup4ULE&list=PL1Us50cZo25m2FDcpykgjCCZQ3SFAsG3y&index=405,No
Урок 404. Задачи на формулу линзы - 3,https://www.youtube.com/watch?v=MymjdP5AA5U&list=PL1Us50cZo25m2FDcpykgjCCZQ3SFAsG3y&index=406,No
Урок 405. Оптические приборы - 1,https://www.youtube.com/watch?v=4WLKAGXQgtI&list=PL1Us50cZo25m2FDcpykgjCCZQ3SFAsG3y&index=407,No
Урок 407. Оптические приборы - 3,https://www.youtube.com/watch?v=lV4fFElb7_I&list=PL1Us50cZo25m2FDcpykgjCCZQ3SFAsG3y&index=408,No
Урок 406. Оптические приборы - 2,https://www.youtube.com/watch?v=G3nueSOCN18&list=PL1Us50cZo25m2FDcpykgjCCZQ3SFAsG3y&index=409,No
Урок 408. Основные понятия фотометрии - 1,https://www.youtube.com/watch?v=eA3RuDDSpN8&list=PL1Us50cZo25m2FDcpykgjCCZQ3SFAsG3y&index=410,No
Урок 409. Основные понятия фотометрии - 2,https://www.youtube.com/watch?v=rqKGIjkBp2c&list=PL1Us50cZo25m2FDcpykgjCCZQ3SFAsG3y&index=411,No
Урок 411. Решение задач по фотометрии - 2,https://www.youtube.com/watch?v=aiCCTHqnVT8&list=PL1Us50cZo25m2FDcpykgjCCZQ3SFAsG3y&index=412,No
Урок 412. Решение задач по фотометрии - 3,https://www.youtube.com/watch?v=ADfPLcyH27A&list=PL1Us50cZo25m2FDcpykgjCCZQ3SFAsG3y&index=413,No
Урок 413. Скорость света и ее измерение,https://www.youtube.com/watch?v=6LSiaeIC6m4&list=PL1Us50cZo25m2FDcpykgjCCZQ3SFAsG3y&index=414,No
Урок 414. Интерференция света,https://www.youtube.com/watch?v=0MuRk7X-vIM&list=PL1Us50cZo25m2FDcpykgjCCZQ3SFAsG3y&index=415,No
Урок 415. Интерференционные схемы,https://www.youtube.com/watch?v=h_pAhgiCIvg&list=PL1Us50cZo25m2FDcpykgjCCZQ3SFAsG3y&index=416,No
Урок 416. Интерференция в тонких пленках,https://www.youtube.com/watch?v=fgaAPStffJ0&list=PL1Us50cZo25m2FDcpykgjCCZQ3SFAsG3y&index=417,No
Урок 417. Кольца Ньютона,https://www.youtube.com/watch?v=gd9wQhAV0P4&list=PL1Us50cZo25m2FDcpykgjCCZQ3SFAsG3y&index=418,No
Урок 418. Задачи на интерференцию света - 1,https://www.youtube.com/watch?v=ZCvgDuAOMiY&list=PL1Us50cZo25m2FDcpykgjCCZQ3SFAsG3y&index=419,No
Урок 419. Задачи на интерференцию света - 2,https://www.youtube.com/watch?v=3aaVPXKi3Y4&list=PL1Us50cZo25m2FDcpykgjCCZQ3SFAsG3y&index=420,No
Урок 420. Дифракция света. Дифракционная решетка,https://www.youtube.com/watch?v=gE3zO9FSDm0&list=PL1Us50cZo25m2FDcpykgjCCZQ3SFAsG3y&index=421,No
Урок 421. Задачи на дифракцию света - 1,https://www.youtube.com/watch?v=-XcY7LSV6fw&list=PL1Us50cZo25m2FDcpykgjCCZQ3SFAsG3y&index=422,No
Урок 422. Задачи на дифракцию света - 2,https://www.youtube.com/watch?v=fbaz6D6HcqU&list=PL1Us50cZo25m2FDcpykgjCCZQ3SFAsG3y&index=423,No
Урок 423. Поляризация света. Закон Малюса,https://www.youtube.com/watch?v=1PK__XxPmmE&list=PL1Us50cZo25m2FDcpykgjCCZQ3SFAsG3y&index=424,No
Урок 424. Угол Брюстера. Интерференция поляризованных лучей,https://www.youtube.com/watch?v=kUSrwDQqW7M&list=PL1Us50cZo25m2FDcpykgjCCZQ3SFAsG3y&index=425,No
Урок 425. Спектральные приборы. Виды спектров,https://www.youtube.com/watch?v=XroCN_XKWMc&list=PL1Us50cZo25m2FDcpykgjCCZQ3SFAsG3y&index=426,No
Урок 426. Шкала электромагнитных излучений,https://www.youtube.com/watch?v=jQeu7WV2jjU&list=PL1Us50cZo25m2FDcpykgjCCZQ3SFAsG3y&index=427,No
Урок 427. Подготовка к КР Волновая оптика,https://www.youtube.com/watch?v=8-ReNkeRBh0&list=PL1Us50cZo25m2FDcpykgjCCZQ3SFAsG3y&index=428,No
Урок 428. Постулаты СТО,https://www.youtube.com/watch?v=U9-2r7dnKiU&list=PL1Us50cZo25m2FDcpykgjCCZQ3SFAsG3y&index=429,No
Урок 429. Следствия из постулатов СТО - 1,https://www.youtube.com/watch?v=mFr6vrkkbWk&list=PL1Us50cZo25m2FDcpykgjCCZQ3SFAsG3y&index=430,No
Урок 430. Следствия из постулатов СТО - 2,https://www.youtube.com/watch?v=4nj4jo3RqVE&list=PL1Us50cZo25m2FDcpykgjCCZQ3SFAsG3y&index=431,No
Урок 431. Элементы релятивистской динамики,https://www.youtube.com/watch?v=USP_7rqjs9s&list=PL1Us50cZo25m2FDcpykgjCCZQ3SFAsG3y&index=432,No
Урок 432. Задачи по СТО - 1,https://www.youtube.com/watch?v=Iic0pqnfEHI&list=PL1Us50cZo25m2FDcpykgjCCZQ3SFAsG3y&index=433,No
Урок 433. Задачи по СТО - 2,https://www.youtube.com/watch?v=usb6c8MuoI0&list=PL1Us50cZo25m2FDcpykgjCCZQ3SFAsG3y&index=434,No
Урок 434. Фотоэффект. Законы фотоэффекта,https://www.youtube.com/watch?v=zOM4h_Dt9_s&list=PL1Us50cZo25m2FDcpykgjCCZQ3SFAsG3y&index=435,No
Урок 435. Теория фотоэффекта. Фотоэлементы,https://www.youtube.com/watch?v=Qr4Yti-6G-8&list=PL1Us50cZo25m2FDcpykgjCCZQ3SFAsG3y&index=436,No
Урок 436. Задачи на фотоэффект - 1,https://www.youtube.com/watch?v=yHYA8pcuuu8&list=PL1Us50cZo25m2FDcpykgjCCZQ3SFAsG3y&index=437,No
Урок 437. Задачи на фотоэффект - 2,https://www.youtube.com/watch?v=Kqnkj29jMh0&list=PL1Us50cZo25m2FDcpykgjCCZQ3SFAsG3y&index=438,No
Урок 438. Задачи на фотоэффект - 3,https://www.youtube.com/watch?v=vZslEoZKYKc&list=PL1Us50cZo25m2FDcpykgjCCZQ3SFAsG3y&index=439,No
Урок 439. Давление света. Масса и импульс фотона,https://www.youtube.com/watch?v=8qVLMHW5cbY&list=PL1Us50cZo25m2FDcpykgjCCZQ3SFAsG3y&index=440,No
Урок 440. Задачи по квантовой оптике - 1,https://www.youtube.com/watch?v=2pkfBLPUvYY&list=PL1Us50cZo25m2FDcpykgjCCZQ3SFAsG3y&index=441,No
Урок 441. Задачи по квантовой оптике - 2,https://www.youtube.com/watch?v=r2XJevElSHc&list=PL1Us50cZo25m2FDcpykgjCCZQ3SFAsG3y&index=442,No
Урок 442. Задачи по квантовой оптике - 3,https://www.youtube.com/watch?v=KWEoTNF5s70&list=PL1Us50cZo25m2FDcpykgjCCZQ3SFAsG3y&index=443,No
Урок 443. Понятие о планетарной модели,https://www.youtube.com/watch?v=1_ewt9HPvJU&list=PL1Us50cZo25m2FDcpykgjCCZQ3SFAsG3y&index=444,No
Урок 444. Постулаты Бора. Опыты Франка и Герца,https://www.youtube.com/watch?v=M5RDFFm4wKo&list=PL1Us50cZo25m2FDcpykgjCCZQ3SFAsG3y&index=445,No
Урок 445. Особенности спектра атома водорода. Диаграмма Гротриана,https://www.youtube.com/watch?v=_Oq8nho69IM&list=PL1Us50cZo25m2FDcpykgjCCZQ3SFAsG3y&index=446,No
Урок 446. Задачи по атомной физике - 1,https://www.youtube.com/watch?v=_4hPs4Opvd4&list=PL1Us50cZo25m2FDcpykgjCCZQ3SFAsG3y&index=447,No
Урок 447. Модель атома водорода по Бору,https://www.youtube.com/watch?v=uGbiZ2pa2IM&list=PL1Us50cZo25m2FDcpykgjCCZQ3SFAsG3y&index=448,No
Урок 448. Вывод формулы Ридберга по Бору,https://www.youtube.com/watch?v=qMDNHk7ijsA&list=PL1Us50cZo25m2FDcpykgjCCZQ3SFAsG3y&index=449,No
Урок 449. Задачи по атомной физике - 2,https://www.youtube.com/watch?v=1NbH5Y4Cqdo&list=PL1Us50cZo25m2FDcpykgjCCZQ3SFAsG3y&index=450,No
Урок 450. Корпускулярно-волновой дуализм. Гипотеза де Бройля,https://www.youtube.com/watch?v=i-tSwRv7HNo&list=PL1Us50cZo25m2FDcpykgjCCZQ3SFAsG3y&index=451,No
Урок 451. Экспериментальное подтверждение справедливости гипотезы де Бройля,https://www.youtube.com/watch?v=uAG7aw6w_ks&list=PL1Us50cZo25m2FDcpykgjCCZQ3SFAsG3y&index=452,No
Урок 452. Задачи на гипотезу де Бройля - 1,https://www.youtube.com/watch?v=bmSaYrOW1-0&list=PL1Us50cZo25m2FDcpykgjCCZQ3SFAsG3y&index=453,No
Урок 453. Задачи на гипотезу де Бройля - 2,https://www.youtube.com/watch?v=oGhBARGmNM0&list=PL1Us50cZo25m2FDcpykgjCCZQ3SFAsG3y&index=454,No
Урок 454. Понятие о волновой функции,https://www.youtube.com/watch?v=3Gkwl9imw7k&list=PL1Us50cZo25m2FDcpykgjCCZQ3SFAsG3y&index=455,No
Урок 455. Уравнение Шрёдингера,https://www.youtube.com/watch?v=FgZ9wZ8tg7g&list=PL1Us50cZo25m2FDcpykgjCCZQ3SFAsG3y&index=456,No
Урок 456. Движение микрообъекта в одномерной бесконечно глубокой потенциальной яме,https://www.youtube.com/watch?v=YI0I7ZvnF9w&list=PL1Us50cZo25m2FDcpykgjCCZQ3SFAsG3y&index=457,No
Урок 457. Соотношение неопределенностей,https://www.youtube.com/watch?v=kjJ3XA8kO9Y&list=PL1Us50cZo25m2FDcpykgjCCZQ3SFAsG3y&index=458,No
Урок 458. Задачи на соотношение неопределенностей,https://www.youtube.com/watch?v=vLqPFP2STRQ&list=PL1Us50cZo25m2FDcpykgjCCZQ3SFAsG3y&index=459,No
Урок 459. Обзор квантовой теории атома водорода,https://www.youtube.com/watch?v=yKKTJvIT3bA&list=PL1Us50cZo25m2FDcpykgjCCZQ3SFAsG3y&index=460,No
"Урок 460. ""Портрет"" атома водорода. Многоэлектронные атомы",https://www.youtube.com/watch?v=ZtY8ekNp-7Q&list=PL1Us50cZo25m2FDcpykgjCCZQ3SFAsG3y&index=461,No
Урок 461. Периодическая система элементов часть 1,https://www.youtube.com/watch?v=-pvp7V1c47s&list=PL1Us50cZo25m2FDcpykgjCCZQ3SFAsG3y&index=462,No
Урок 462. Периодическая система элементов часть 2,https://www.youtube.com/watch?v=mFOA7CcUu0o&list=PL1Us50cZo25m2FDcpykgjCCZQ3SFAsG3y&index=463,No
Урок 463. Вынужденное излучение. Лазеры,https://www.youtube.com/watch?v=eq_UeRg5gGI&list=PL1Us50cZo25m2FDcpykgjCCZQ3SFAsG3y&index=464,No
"Урок 464. Открытие естественной радиоактивности. Альфа-, бета- и гамма-излучение",https://www.youtube.com/watch?v=OlW22u3mPvM&list=PL1Us50cZo25m2FDcpykgjCCZQ3SFAsG3y&index=465,No
Урок 465. Методы регистрации элементарных частиц (часть 1),https://www.youtube.com/watch?v=K7FTtWuj0MQ&list=PL1Us50cZo25m2FDcpykgjCCZQ3SFAsG3y&index=466,No
Урок 466. Методы регистрации элементарных частиц (часть 2),https://www.youtube.com/watch?v=1gFmU_kutqI&list=PL1Us50cZo25m2FDcpykgjCCZQ3SFAsG3y&index=467,No
Урок 467. Радиоактивные превращения. Правила смещения Содди,https://www.youtube.com/watch?v=tWUPw4TsVG8&list=PL1Us50cZo25m2FDcpykgjCCZQ3SFAsG3y&index=468,No
Урок 468. Закон радиоактивного распада,https://www.youtube.com/watch?v=u-tK_yUCs00&list=PL1Us50cZo25m2FDcpykgjCCZQ3SFAsG3y&index=469,No
Урок 469. Задачи на закон радиоактивного распада,https://www.youtube.com/watch?v=sAW1MxBsNYs&list=PL1Us50cZo25m2FDcpykgjCCZQ3SFAsG3y&index=470,No
Урок 470. Открытие нейтрона. Протонно-нейтронная модель ядра,https://www.youtube.com/watch?v=VyP7qBJDL80&list=PL1Us50cZo25m2FDcpykgjCCZQ3SFAsG3y&index=471,No
Урок 471. Ядерные реакции. Энергетический выход ядерной реакции,https://www.youtube.com/watch?v=4lveg8E5WX0&list=PL1Us50cZo25m2FDcpykgjCCZQ3SFAsG3y&index=472,No
Урок 472. Реакция деления ядер урана. Ядерная энергетика,https://www.youtube.com/watch?v=ONZMlYvsXuI&list=PL1Us50cZo25m2FDcpykgjCCZQ3SFAsG3y&index=473,No
Урок 473. Термоядерная реакция,https://www.youtube.com/watch?v=UCSTfBfN-5M&list=PL1Us50cZo25m2FDcpykgjCCZQ3SFAsG3y&index=474,No
Урок 474. Элементарные частицы. Позитрон. Нейтрино,https://www.youtube.com/watch?v=DrpDqSD8DJY&list=PL1Us50cZo25m2FDcpykgjCCZQ3SFAsG3y&index=475,No
